#,Name,Type 1,Type 2,Total,HP,Attack,Defense,Sp. Atk,Sp. Def,Speed,Generation,Legendary,Evolution_Level,Sprite
1.0,Bulbasaur,Grass,Poison,318.0,45.0,49.0,49.0,65.0,65.0,45.0,1.0,False,2.0,https://raw.githubusercontent.com/PokeAPI/sprites/master/sprites/pokemon/1.0.png
2.0,Ivysaur,Grass,Poison,405.0,60.0,62.0,63.0,80.0,80.0,60.0,1.0,False,3.0,https://raw.githubusercontent.com/PokeAPI/sprites/master/sprites/pokemon/2.0.png
3.0,Venusaur,Grass,Poison,525.0,80.0,82.0,83.0,100.0,100.0,80.0,1.0,False,3.0,https://raw.githubusercontent.com/PokeAPI/sprites/master/sprites/pokemon/3.0.png
3.0,VenusaurMega Venusaur,Grass,Poison,625.0,80.0,100.0,123.0,122.0,120.0,80.0,1.0,False,4.0,https://raw.githubusercontent.com/PokeAPI/sprites/master/sprites/pokemon/3.0.png
4.0,Charmander,Fire,,309.0,39.0,52.0,43.0,60.0,50.0,65.0,1.0,False,2.0,https://raw.githubusercontent.com/PokeAPI/sprites/master/sprites/pokemon/4.0.png
5.0,Charmeleon,Fire,,405.0,58.0,64.0,58.0,80.0,65.0,80.0,1.0,False,3.0,https://raw.githubusercontent.com/PokeAPI/sprites/master/sprites/pokemon/5.0.png
6.0,Charizard,Fire,Flying,534.0,78.0,84.0,78.0,109.0,85.0,100.0,1.0,False,3.0,https://raw.githubusercontent.com/PokeAPI/sprites/master/sprites/pokemon/6.0.png
6.0,CharizardMega Charizard X,Fire,Dragon,634.0,78.0,130.0,111.0,130.0,85.0,100.0,1.0,False,4.0,https://raw.githubusercontent.com/PokeAPI/sprites/master/sprites/pokemon/6.0.png
6.0,CharizardMega Charizard Y,Fire,Flying,634.0,78.0,104.0,78.0,159.0,115.0,100.0,1.0,False,4.0,https://raw.githubusercontent.com/PokeAPI/sprites/master/sprites/pokemon/6.0.png
7.0,Squirtle,Water,,314.0,44.0,48.0,65.0,50.0,64.0,43.0,1.0,False,2.0,https://raw.githubusercontent.com/PokeAPI/sprites/master/sprites/pokemon/7.0.png
8.0,Wartortle,Water,,405.0,59.0,63.0,80.0,65.0,80.0,58.0,1.0,False,3.0,https://raw.githubusercontent.com/PokeAPI/sprites/master/sprites/pokemon/8.0.png
9.0,Blastoise,Water,,530.0,79.0,83.0,100.0,85.0,105.0,78.0,1.0,False,3.0,https://raw.githubusercontent.com/PokeAPI/sprites/master/sprites/pokemon/9.0.png
9.0,BlastoiseMega Blastoise,Water,,630.0,79.0,103.0,120.0,135.0,115.0,78.0,1.0,False,4.0,https://raw.githubusercontent.com/PokeAPI/sprites/master/sprites/pokemon/9.0.png
10.0,Caterpie,Bug,,195.0,45.0,30.0,35.0,20.0,20.0,45.0,1.0,False,2.0,https://raw.githubusercontent.com/PokeAPI/sprites/master/sprites/pokemon/10.0.png
11.0,Metapod,Bug,,205.0,50.0,20.0,55.0,25.0,25.0,30.0,1.0,False,2.0,https://raw.githubusercontent.com/PokeAPI/sprites/master/sprites/pokemon/11.0.png
12.0,Butterfree,Bug,Flying,395.0,60.0,45.0,50.0,90.0,80.0,70.0,1.0,False,2.0,https://raw.githubusercontent.com/PokeAPI/sprites/master/sprites/pokemon/12.0.png
13.0,Weedle,Bug,Poison,195.0,40.0,35.0,30.0,20.0,20.0,50.0,1.0,False,2.0,https://raw.githubusercontent.com/PokeAPI/sprites/master/sprites/pokemon/13.0.png
14.0,Kakuna,Bug,Poison,205.0,45.0,25.0,50.0,25.0,25.0,35.0,1.0,False,2.0,https://raw.githubusercontent.com/PokeAPI/sprites/master/sprites/pokemon/14.0.png
15.0,Beedrill,Bug,Poison,395.0,65.0,90.0,40.0,45.0,80.0,75.0,1.0,False,2.0,https://raw.githubusercontent.com/PokeAPI/sprites/master/sprites/pokemon/15.0.png
15.0,BeedrillMega Beedrill,Bug,Poison,495.0,65.0,150.0,40.0,15.0,80.0,145.0,1.0,False,4.0,https://raw.githubusercontent.com/PokeAPI/sprites/master/sprites/pokemon/15.0.png
16.0,Pidgey,Normal,Flying,251.0,40.0,45.0,40.0,35.0,35.0,56.0,1.0,False,2.0,https://raw.githubusercontent.com/PokeAPI/sprites/master/sprites/pokemon/16.0.png
17.0,Pidgeotto,Normal,Flying,349.0,63.0,60.0,55.0,50.0,50.0,71.0,1.0,False,2.0,https://raw.githubusercontent.com/PokeAPI/sprites/master/sprites/pokemon/17.0.png
18.0,Pidgeot,Normal,Flying,479.0,83.0,80.0,75.0,70.0,70.0,101.0,1.0,False,2.0,https://raw.githubusercontent.com/PokeAPI/sprites/master/sprites/pokemon/18.0.png
18.0,PidgeotMega Pidgeot,Normal,Flying,579.0,83.0,80.0,80.0,135.0,80.0,121.0,1.0,False,4.0,https://raw.githubusercontent.com/PokeAPI/sprites/master/sprites/pokemon/18.0.png
19.0,Rattata,Normal,,253.0,30.0,56.0,35.0,25.0,35.0,72.0,1.0,False,2.0,https://raw.githubusercontent.com/PokeAPI/sprites/master/sprites/pokemon/19.0.png
20.0,Raticate,Normal,,413.0,55.0,81.0,60.0,50.0,70.0,97.0,1.0,False,2.0,https://raw.githubusercontent.com/PokeAPI/sprites/master/sprites/pokemon/20.0.png
21.0,Spearow,Normal,Flying,262.0,40.0,60.0,30.0,31.0,31.0,70.0,1.0,False,2.0,https://raw.githubusercontent.com/PokeAPI/sprites/master/sprites/pokemon/21.0.png
22.0,Fearow,Normal,Flying,442.0,65.0,90.0,65.0,61.0,61.0,100.0,1.0,False,2.0,https://raw.githubusercontent.com/PokeAPI/sprites/master/sprites/pokemon/22.0.png
23.0,Ekans,Poison,,288.0,35.0,60.0,44.0,40.0,54.0,55.0,1.0,False,2.0,https://raw.githubusercontent.com/PokeAPI/sprites/master/sprites/pokemon/23.0.png
24.0,Arbok,Poison,,438.0,60.0,85.0,69.0,65.0,79.0,80.0,1.0,False,2.0,https://raw.githubusercontent.com/PokeAPI/sprites/master/sprites/pokemon/24.0.png
25.0,Pikachu,Electric,,320.0,35.0,55.0,40.0,50.0,50.0,90.0,1.0,False,2.0,https://raw.githubusercontent.com/PokeAPI/sprites/master/sprites/pokemon/25.0.png
26.0,Raichu,Electric,,485.0,60.0,90.0,55.0,90.0,80.0,110.0,1.0,False,3.0,https://raw.githubusercontent.com/PokeAPI/sprites/master/sprites/pokemon/26.0.png
27.0,Sandshrew,Ground,,300.0,50.0,75.0,85.0,20.0,30.0,40.0,1.0,False,2.0,https://raw.githubusercontent.com/PokeAPI/sprites/master/sprites/pokemon/27.0.png
28.0,Sandslash,Ground,,450.0,75.0,100.0,110.0,45.0,55.0,65.0,1.0,False,2.0,https://raw.githubusercontent.com/PokeAPI/sprites/master/sprites/pokemon/28.0.png
29.0,Nidoran♀,Poison,,275.0,55.0,47.0,52.0,40.0,40.0,41.0,1.0,False,2.0,https://raw.githubusercontent.com/PokeAPI/sprites/master/sprites/pokemon/29.0.png
30.0,Nidorina,Poison,,365.0,70.0,62.0,67.0,55.0,55.0,56.0,1.0,False,2.0,https://raw.githubusercontent.com/PokeAPI/sprites/master/sprites/pokemon/30.0.png
31.0,Nidoqueen,Poison,Ground,505.0,90.0,92.0,87.0,75.0,85.0,76.0,1.0,False,2.0,https://raw.githubusercontent.com/PokeAPI/sprites/master/sprites/pokemon/31.0.png
32.0,Nidoran♂,Poison,,273.0,46.0,57.0,40.0,40.0,40.0,50.0,1.0,False,2.0,https://raw.githubusercontent.com/PokeAPI/sprites/master/sprites/pokemon/32.0.png
33.0,Nidorino,Poison,,365.0,61.0,72.0,57.0,55.0,55.0,65.0,1.0,False,2.0,https://raw.githubusercontent.com/PokeAPI/sprites/master/sprites/pokemon/33.0.png
34.0,Nidoking,Poison,Ground,505.0,81.0,102.0,77.0,85.0,75.0,85.0,1.0,False,2.0,https://raw.githubusercontent.com/PokeAPI/sprites/master/sprites/pokemon/34.0.png
35.0,Clefairy,Fairy,,323.0,70.0,45.0,48.0,60.0,65.0,35.0,1.0,False,2.0,https://raw.githubusercontent.com/PokeAPI/sprites/master/sprites/pokemon/35.0.png
36.0,Clefable,Fairy,,483.0,95.0,70.0,73.0,95.0,90.0,60.0,1.0,False,3.0,https://raw.githubusercontent.com/PokeAPI/sprites/master/sprites/pokemon/36.0.png
37.0,Vulpix,Fire,,299.0,38.0,41.0,40.0,50.0,65.0,65.0,1.0,False,2.0,https://raw.githubusercontent.com/PokeAPI/sprites/master/sprites/pokemon/37.0.png
38.0,Ninetales,Fire,,505.0,73.0,76.0,75.0,81.0,100.0,100.0,1.0,False,2.0,https://raw.githubusercontent.com/PokeAPI/sprites/master/sprites/pokemon/38.0.png
39.0,Jigglypuff,Normal,Fairy,270.0,115.0,45.0,20.0,45.0,25.0,20.0,1.0,False,2.0,https://raw.githubusercontent.com/PokeAPI/sprites/master/sprites/pokemon/39.0.png
40.0,Wigglytuff,Normal,Fairy,435.0,140.0,70.0,45.0,85.0,50.0,45.0,1.0,False,3.0,https://raw.githubusercontent.com/PokeAPI/sprites/master/sprites/pokemon/40.0.png
41.0,Zubat,Poison,Flying,245.0,40.0,45.0,35.0,30.0,40.0,55.0,1.0,False,2.0,https://raw.githubusercontent.com/PokeAPI/sprites/master/sprites/pokemon/41.0.png
42.0,Golbat,Poison,Flying,455.0,75.0,80.0,70.0,65.0,75.0,90.0,1.0,False,2.0,https://raw.githubusercontent.com/PokeAPI/sprites/master/sprites/pokemon/42.0.png
43.0,Oddish,Grass,Poison,320.0,45.0,50.0,55.0,75.0,65.0,30.0,1.0,False,2.0,https://raw.githubusercontent.com/PokeAPI/sprites/master/sprites/pokemon/43.0.png
44.0,Gloom,Grass,Poison,395.0,60.0,65.0,70.0,85.0,75.0,40.0,1.0,False,2.0,https://raw.githubusercontent.com/PokeAPI/sprites/master/sprites/pokemon/44.0.png
45.0,Vileplume,Grass,Poison,490.0,75.0,80.0,85.0,110.0,90.0,50.0,1.0,False,2.0,https://raw.githubusercontent.com/PokeAPI/sprites/master/sprites/pokemon/45.0.png
46.0,Paras,Bug,Grass,285.0,35.0,70.0,55.0,45.0,55.0,25.0,1.0,False,2.0,https://raw.githubusercontent.com/PokeAPI/sprites/master/sprites/pokemon/46.0.png
47.0,Parasect,Bug,Grass,405.0,60.0,95.0,80.0,60.0,80.0,30.0,1.0,False,2.0,https://raw.githubusercontent.com/PokeAPI/sprites/master/sprites/pokemon/47.0.png
48.0,Venonat,Bug,Poison,305.0,60.0,55.0,50.0,40.0,55.0,45.0,1.0,False,2.0,https://raw.githubusercontent.com/PokeAPI/sprites/master/sprites/pokemon/48.0.png
49.0,Venomoth,Bug,Poison,450.0,70.0,65.0,60.0,90.0,75.0,90.0,1.0,False,2.0,https://raw.githubusercontent.com/PokeAPI/sprites/master/sprites/pokemon/49.0.png
50.0,Diglett,Ground,,265.0,10.0,55.0,25.0,35.0,45.0,95.0,1.0,False,2.0,https://raw.githubusercontent.com/PokeAPI/sprites/master/sprites/pokemon/50.0.png
51.0,Dugtrio,Ground,,405.0,35.0,80.0,50.0,50.0,70.0,120.0,1.0,False,2.0,https://raw.githubusercontent.com/PokeAPI/sprites/master/sprites/pokemon/51.0.png
52.0,Meowth,Normal,,290.0,40.0,45.0,35.0,40.0,40.0,90.0,1.0,False,2.0,https://raw.githubusercontent.com/PokeAPI/sprites/master/sprites/pokemon/52.0.png
53.0,Persian,Normal,,440.0,65.0,70.0,60.0,65.0,65.0,115.0,1.0,False,2.0,https://raw.githubusercontent.com/PokeAPI/sprites/master/sprites/pokemon/53.0.png
54.0,Psyduck,Water,,320.0,50.0,52.0,48.0,65.0,50.0,55.0,1.0,False,2.0,https://raw.githubusercontent.com/PokeAPI/sprites/master/sprites/pokemon/54.0.png
55.0,Golduck,Water,,500.0,80.0,82.0,78.0,95.0,80.0,85.0,1.0,False,2.0,https://raw.githubusercontent.com/PokeAPI/sprites/master/sprites/pokemon/55.0.png
56.0,Mankey,Fighting,,305.0,40.0,80.0,35.0,35.0,45.0,70.0,1.0,False,2.0,https://raw.githubusercontent.com/PokeAPI/sprites/master/sprites/pokemon/56.0.png
57.0,Primeape,Fighting,,455.0,65.0,105.0,60.0,60.0,70.0,95.0,1.0,False,2.0,https://raw.githubusercontent.com/PokeAPI/sprites/master/sprites/pokemon/57.0.png
58.0,Growlithe,Fire,,350.0,55.0,70.0,45.0,70.0,50.0,60.0,1.0,False,2.0,https://raw.githubusercontent.com/PokeAPI/sprites/master/sprites/pokemon/58.0.png
59.0,Arcanine,Fire,,555.0,90.0,110.0,80.0,100.0,80.0,95.0,1.0,False,2.0,https://raw.githubusercontent.com/PokeAPI/sprites/master/sprites/pokemon/59.0.png
60.0,Poliwag,Water,,300.0,40.0,50.0,40.0,40.0,40.0,90.0,1.0,False,2.0,https://raw.githubusercontent.com/PokeAPI/sprites/master/sprites/pokemon/60.0.png
61.0,Poliwhirl,Water,,385.0,65.0,65.0,65.0,50.0,50.0,90.0,1.0,False,2.0,https://raw.githubusercontent.com/PokeAPI/sprites/master/sprites/pokemon/61.0.png
62.0,Poliwrath,Water,Fighting,510.0,90.0,95.0,95.0,70.0,90.0,70.0,1.0,False,2.0,https://raw.githubusercontent.com/PokeAPI/sprites/master/sprites/pokemon/62.0.png
63.0,Abra,Psychic,,310.0,25.0,20.0,15.0,105.0,55.0,90.0,1.0,False,2.0,https://raw.githubusercontent.com/PokeAPI/sprites/master/sprites/pokemon/63.0.png
64.0,Kadabra,Psychic,,400.0,40.0,35.0,30.0,120.0,70.0,105.0,1.0,False,2.0,https://raw.githubusercontent.com/PokeAPI/sprites/master/sprites/pokemon/64.0.png
65.0,Alakazam,Psychic,,500.0,55.0,50.0,45.0,135.0,95.0,120.0,1.0,False,2.0,https://raw.githubusercontent.com/PokeAPI/sprites/master/sprites/pokemon/65.0.png
65.0,AlakazamMega Alakazam,Psychic,,590.0,55.0,50.0,65.0,175.0,95.0,150.0,1.0,False,4.0,https://raw.githubusercontent.com/PokeAPI/sprites/master/sprites/pokemon/65.0.png
66.0,Machop,Fighting,,305.0,70.0,80.0,50.0,35.0,35.0,35.0,1.0,False,2.0,https://raw.githubusercontent.com/PokeAPI/sprites/master/sprites/pokemon/66.0.png
67.0,Machoke,Fighting,,405.0,80.0,100.0,70.0,50.0,60.0,45.0,1.0,False,2.0,https://raw.githubusercontent.com/PokeAPI/sprites/master/sprites/pokemon/67.0.png
68.0,Machamp,Fighting,,505.0,90.0,130.0,80.0,65.0,85.0,55.0,1.0,False,2.0,https://raw.githubusercontent.com/PokeAPI/sprites/master/sprites/pokemon/68.0.png
69.0,Bellsprout,Grass,Poison,300.0,50.0,75.0,35.0,70.0,30.0,40.0,1.0,False,2.0,https://raw.githubusercontent.com/PokeAPI/sprites/master/sprites/pokemon/69.0.png
70.0,Weepinbell,Grass,Poison,390.0,65.0,90.0,50.0,85.0,45.0,55.0,1.0,False,2.0,https://raw.githubusercontent.com/PokeAPI/sprites/master/sprites/pokemon/70.0.png
71.0,Victreebel,Grass,Poison,490.0,80.0,105.0,65.0,100.0,70.0,70.0,1.0,False,2.0,https://raw.githubusercontent.com/PokeAPI/sprites/master/sprites/pokemon/71.0.png
72.0,Tentacool,Water,Poison,335.0,40.0,40.0,35.0,50.0,100.0,70.0,1.0,False,2.0,https://raw.githubusercontent.com/PokeAPI/sprites/master/sprites/pokemon/72.0.png
73.0,Tentacruel,Water,Poison,515.0,80.0,70.0,65.0,80.0,120.0,100.0,1.0,False,2.0,https://raw.githubusercontent.com/PokeAPI/sprites/master/sprites/pokemon/73.0.png
74.0,Geodude,Rock,Ground,300.0,40.0,80.0,100.0,30.0,30.0,20.0,1.0,False,2.0,https://raw.githubusercontent.com/PokeAPI/sprites/master/sprites/pokemon/74.0.png
75.0,Graveler,Rock,Ground,390.0,55.0,95.0,115.0,45.0,45.0,35.0,1.0,False,2.0,https://raw.githubusercontent.com/PokeAPI/sprites/master/sprites/pokemon/75.0.png
76.0,Golem,Rock,Ground,495.0,80.0,120.0,130.0,55.0,65.0,45.0,1.0,False,2.0,https://raw.githubusercontent.com/PokeAPI/sprites/master/sprites/pokemon/76.0.png
77.0,Ponyta,Fire,,410.0,50.0,85.0,55.0,65.0,65.0,90.0,1.0,False,2.0,https://raw.githubusercontent.com/PokeAPI/sprites/master/sprites/pokemon/77.0.png
78.0,Rapidash,Fire,,500.0,65.0,100.0,70.0,80.0,80.0,105.0,1.0,False,2.0,https://raw.githubusercontent.com/PokeAPI/sprites/master/sprites/pokemon/78.0.png
79.0,Slowpoke,Water,Psychic,315.0,90.0,65.0,65.0,40.0,40.0,15.0,1.0,False,2.0,https://raw.githubusercontent.com/PokeAPI/sprites/master/sprites/pokemon/79.0.png
80.0,Slowbro,Water,Psychic,490.0,95.0,75.0,110.0,100.0,80.0,30.0,1.0,False,2.0,https://raw.githubusercontent.com/PokeAPI/sprites/master/sprites/pokemon/80.0.png
80.0,SlowbroMega Slowbro,Water,Psychic,590.0,95.0,75.0,180.0,130.0,80.0,30.0,1.0,False,4.0,https://raw.githubusercontent.com/PokeAPI/sprites/master/sprites/pokemon/80.0.png
81.0,Magnemite,Electric,Steel,325.0,25.0,35.0,70.0,95.0,55.0,45.0,1.0,False,2.0,https://raw.githubusercontent.com/PokeAPI/sprites/master/sprites/pokemon/81.0.png
82.0,Magneton,Electric,Steel,465.0,50.0,60.0,95.0,120.0,70.0,70.0,1.0,False,2.0,https://raw.githubusercontent.com/PokeAPI/sprites/master/sprites/pokemon/82.0.png
83.0,Farfetch'd,Normal,Flying,352.0,52.0,65.0,55.0,58.0,62.0,60.0,1.0,False,2.0,https://raw.githubusercontent.com/PokeAPI/sprites/master/sprites/pokemon/83.0.png
84.0,Doduo,Normal,Flying,310.0,35.0,85.0,45.0,35.0,35.0,75.0,1.0,False,2.0,https://raw.githubusercontent.com/PokeAPI/sprites/master/sprites/pokemon/84.0.png
85.0,Dodrio,Normal,Flying,460.0,60.0,110.0,70.0,60.0,60.0,100.0,1.0,False,2.0,https://raw.githubusercontent.com/PokeAPI/sprites/master/sprites/pokemon/85.0.png
86.0,Seel,Water,,325.0,65.0,45.0,55.0,45.0,70.0,45.0,1.0,False,2.0,https://raw.githubusercontent.com/PokeAPI/sprites/master/sprites/pokemon/86.0.png
87.0,Dewgong,Water,Ice,475.0,90.0,70.0,80.0,70.0,95.0,70.0,1.0,False,2.0,https://raw.githubusercontent.com/PokeAPI/sprites/master/sprites/pokemon/87.0.png
88.0,Grimer,Poison,,325.0,80.0,80.0,50.0,40.0,50.0,25.0,1.0,False,2.0,https://raw.githubusercontent.com/PokeAPI/sprites/master/sprites/pokemon/88.0.png
89.0,Muk,Poison,,500.0,105.0,105.0,75.0,65.0,100.0,50.0,1.0,False,2.0,https://raw.githubusercontent.com/PokeAPI/sprites/master/sprites/pokemon/89.0.png
90.0,Shellder,Water,,305.0,30.0,65.0,100.0,45.0,25.0,40.0,1.0,False,2.0,https://raw.githubusercontent.com/PokeAPI/sprites/master/sprites/pokemon/90.0.png
91.0,Cloyster,Water,Ice,525.0,50.0,95.0,180.0,85.0,45.0,70.0,1.0,False,2.0,https://raw.githubusercontent.com/PokeAPI/sprites/master/sprites/pokemon/91.0.png
92.0,Gastly,Ghost,Poison,310.0,30.0,35.0,30.0,100.0,35.0,80.0,1.0,False,2.0,https://raw.githubusercontent.com/PokeAPI/sprites/master/sprites/pokemon/92.0.png
93.0,Haunter,Ghost,Poison,405.0,45.0,50.0,45.0,115.0,55.0,95.0,1.0,False,2.0,https://raw.githubusercontent.com/PokeAPI/sprites/master/sprites/pokemon/93.0.png
94.0,Gengar,Ghost,Poison,500.0,60.0,65.0,60.0,130.0,75.0,110.0,1.0,False,2.0,https://raw.githubusercontent.com/PokeAPI/sprites/master/sprites/pokemon/94.0.png
94.0,GengarMega Gengar,Ghost,Poison,600.0,60.0,65.0,80.0,170.0,95.0,130.0,1.0,False,4.0,https://raw.githubusercontent.com/PokeAPI/sprites/master/sprites/pokemon/94.0.png
95.0,Onix,Rock,Ground,385.0,35.0,45.0,160.0,30.0,45.0,70.0,1.0,False,2.0,https://raw.githubusercontent.com/PokeAPI/sprites/master/sprites/pokemon/95.0.png
96.0,Drowzee,Psychic,,328.0,60.0,48.0,45.0,43.0,90.0,42.0,1.0,False,2.0,https://raw.githubusercontent.com/PokeAPI/sprites/master/sprites/pokemon/96.0.png
97.0,Hypno,Psychic,,483.0,85.0,73.0,70.0,73.0,115.0,67.0,1.0,False,2.0,https://raw.githubusercontent.com/PokeAPI/sprites/master/sprites/pokemon/97.0.png
98.0,Krabby,Water,,325.0,30.0,105.0,90.0,25.0,25.0,50.0,1.0,False,2.0,https://raw.githubusercontent.com/PokeAPI/sprites/master/sprites/pokemon/98.0.png
99.0,Kingler,Water,,475.0,55.0,130.0,115.0,50.0,50.0,75.0,1.0,False,2.0,https://raw.githubusercontent.com/PokeAPI/sprites/master/sprites/pokemon/99.0.png
100.0,Voltorb,Electric,,330.0,40.0,30.0,50.0,55.0,55.0,100.0,1.0,False,2.0,https://raw.githubusercontent.com/PokeAPI/sprites/master/sprites/pokemon/100.0.png
101.0,Electrode,Electric,,480.0,60.0,50.0,70.0,80.0,80.0,140.0,1.0,False,2.0,https://raw.githubusercontent.com/PokeAPI/sprites/master/sprites/pokemon/101.0.png
102.0,Exeggcute,Grass,Psychic,325.0,60.0,40.0,80.0,60.0,45.0,40.0,1.0,False,2.0,https://raw.githubusercontent.com/PokeAPI/sprites/master/sprites/pokemon/102.0.png
103.0,Exeggutor,Grass,Psychic,520.0,95.0,95.0,85.0,125.0,65.0,55.0,1.0,False,2.0,https://raw.githubusercontent.com/PokeAPI/sprites/master/sprites/pokemon/103.0.png
104.0,Cubone,Ground,,320.0,50.0,50.0,95.0,40.0,50.0,35.0,1.0,False,2.0,https://raw.githubusercontent.com/PokeAPI/sprites/master/sprites/pokemon/104.0.png
105.0,Marowak,Ground,,425.0,60.0,80.0,110.0,50.0,80.0,45.0,1.0,False,2.0,https://raw.githubusercontent.com/PokeAPI/sprites/master/sprites/pokemon/105.0.png
106.0,Hitmonlee,Fighting,,455.0,50.0,120.0,53.0,35.0,110.0,87.0,1.0,False,2.0,https://raw.githubusercontent.com/PokeAPI/sprites/master/sprites/pokemon/106.0.png
107.0,Hitmonchan,Fighting,,455.0,50.0,105.0,79.0,35.0,110.0,76.0,1.0,False,2.0,https://raw.githubusercontent.com/PokeAPI/sprites/master/sprites/pokemon/107.0.png
108.0,Lickitung,Normal,,385.0,90.0,55.0,75.0,60.0,75.0,30.0,1.0,False,2.0,https://raw.githubusercontent.com/PokeAPI/sprites/master/sprites/pokemon/108.0.png
109.0,Koffing,Poison,,340.0,40.0,65.0,95.0,60.0,45.0,35.0,1.0,False,2.0,https://raw.githubusercontent.com/PokeAPI/sprites/master/sprites/pokemon/109.0.png
110.0,Weezing,Poison,,490.0,65.0,90.0,120.0,85.0,70.0,60.0,1.0,False,2.0,https://raw.githubusercontent.com/PokeAPI/sprites/master/sprites/pokemon/110.0.png
111.0,Rhyhorn,Ground,Rock,345.0,80.0,85.0,95.0,30.0,30.0,25.0,1.0,False,2.0,https://raw.githubusercontent.com/PokeAPI/sprites/master/sprites/pokemon/111.0.png
112.0,Rhydon,Ground,Rock,485.0,105.0,130.0,120.0,45.0,45.0,40.0,1.0,False,2.0,https://raw.githubusercontent.com/PokeAPI/sprites/master/sprites/pokemon/112.0.png
113.0,Chansey,Normal,,450.0,250.0,5.0,5.0,35.0,105.0,50.0,1.0,False,2.0,https://raw.githubusercontent.com/PokeAPI/sprites/master/sprites/pokemon/113.0.png
114.0,Tangela,Grass,,435.0,65.0,55.0,115.0,100.0,40.0,60.0,1.0,False,2.0,https://raw.githubusercontent.com/PokeAPI/sprites/master/sprites/pokemon/114.0.png
115.0,Kangaskhan,Normal,,490.0,105.0,95.0,80.0,40.0,80.0,90.0,1.0,False,2.0,https://raw.githubusercontent.com/PokeAPI/sprites/master/sprites/pokemon/115.0.png
115.0,KangaskhanMega Kangaskhan,Normal,,590.0,105.0,125.0,100.0,60.0,100.0,100.0,1.0,False,4.0,https://raw.githubusercontent.com/PokeAPI/sprites/master/sprites/pokemon/115.0.png
116.0,Horsea,Water,,295.0,30.0,40.0,70.0,70.0,25.0,60.0,1.0,False,2.0,https://raw.githubusercontent.com/PokeAPI/sprites/master/sprites/pokemon/116.0.png
117.0,Seadra,Water,,440.0,55.0,65.0,95.0,95.0,45.0,85.0,1.0,False,2.0,https://raw.githubusercontent.com/PokeAPI/sprites/master/sprites/pokemon/117.0.png
118.0,Goldeen,Water,,320.0,45.0,67.0,60.0,35.0,50.0,63.0,1.0,False,2.0,https://raw.githubusercontent.com/PokeAPI/sprites/master/sprites/pokemon/118.0.png
119.0,Seaking,Water,,450.0,80.0,92.0,65.0,65.0,80.0,68.0,1.0,False,2.0,https://raw.githubusercontent.com/PokeAPI/sprites/master/sprites/pokemon/119.0.png
120.0,Staryu,Water,,340.0,30.0,45.0,55.0,70.0,55.0,85.0,1.0,False,2.0,https://raw.githubusercontent.com/PokeAPI/sprites/master/sprites/pokemon/120.0.png
121.0,Starmie,Water,Psychic,520.0,60.0,75.0,85.0,100.0,85.0,115.0,1.0,False,2.0,https://raw.githubusercontent.com/PokeAPI/sprites/master/sprites/pokemon/121.0.png
122.0,Mr. Mime,Psychic,Fairy,460.0,40.0,45.0,65.0,100.0,120.0,90.0,1.0,False,2.0,https://raw.githubusercontent.com/PokeAPI/sprites/master/sprites/pokemon/122.0.png
123.0,Scyther,Bug,Flying,500.0,70.0,110.0,80.0,55.0,80.0,105.0,1.0,False,2.0,https://raw.githubusercontent.com/PokeAPI/sprites/master/sprites/pokemon/123.0.png
124.0,Jynx,Ice,Psychic,455.0,65.0,50.0,35.0,115.0,95.0,95.0,1.0,False,2.0,https://raw.githubusercontent.com/PokeAPI/sprites/master/sprites/pokemon/124.0.png
125.0,Electabuzz,Electric,,490.0,65.0,83.0,57.0,95.0,85.0,105.0,1.0,False,2.0,https://raw.githubusercontent.com/PokeAPI/sprites/master/sprites/pokemon/125.0.png
126.0,Magmar,Fire,,495.0,65.0,95.0,57.0,100.0,85.0,93.0,1.0,False,2.0,https://raw.githubusercontent.com/PokeAPI/sprites/master/sprites/pokemon/126.0.png
127.0,Pinsir,Bug,,500.0,65.0,125.0,100.0,55.0,70.0,85.0,1.0,False,2.0,https://raw.githubusercontent.com/PokeAPI/sprites/master/sprites/pokemon/127.0.png
127.0,PinsirMega Pinsir,Bug,Flying,600.0,65.0,155.0,120.0,65.0,90.0,105.0,1.0,False,4.0,https://raw.githubusercontent.com/PokeAPI/sprites/master/sprites/pokemon/127.0.png
128.0,Tauros,Normal,,490.0,75.0,100.0,95.0,40.0,70.0,110.0,1.0,False,2.0,https://raw.githubusercontent.com/PokeAPI/sprites/master/sprites/pokemon/128.0.png
129.0,Magikarp,Water,,200.0,20.0,10.0,55.0,15.0,20.0,80.0,1.0,False,2.0,https://raw.githubusercontent.com/PokeAPI/sprites/master/sprites/pokemon/129.0.png
130.0,Gyarados,Water,Flying,540.0,95.0,125.0,79.0,60.0,100.0,81.0,1.0,False,2.0,https://raw.githubusercontent.com/PokeAPI/sprites/master/sprites/pokemon/130.0.png
130.0,GyaradosMega Gyarados,Water,Dark,640.0,95.0,155.0,109.0,70.0,130.0,81.0,1.0,False,4.0,https://raw.githubusercontent.com/PokeAPI/sprites/master/sprites/pokemon/130.0.png
131.0,Lapras,Water,Ice,535.0,130.0,85.0,80.0,85.0,95.0,60.0,1.0,False,2.0,https://raw.githubusercontent.com/PokeAPI/sprites/master/sprites/pokemon/131.0.png
132.0,Ditto,Normal,,288.0,48.0,48.0,48.0,48.0,48.0,48.0,1.0,False,2.0,https://raw.githubusercontent.com/PokeAPI/sprites/master/sprites/pokemon/132.0.png
133.0,Eevee,Normal,,325.0,55.0,55.0,50.0,45.0,65.0,55.0,1.0,False,2.0,https://raw.githubusercontent.com/PokeAPI/sprites/master/sprites/pokemon/133.0.png
134.0,Vaporeon,Water,,525.0,130.0,65.0,60.0,110.0,95.0,65.0,1.0,False,2.0,https://raw.githubusercontent.com/PokeAPI/sprites/master/sprites/pokemon/134.0.png
135.0,Jolteon,Electric,,525.0,65.0,65.0,60.0,110.0,95.0,130.0,1.0,False,2.0,https://raw.githubusercontent.com/PokeAPI/sprites/master/sprites/pokemon/135.0.png
136.0,Flareon,Fire,,525.0,65.0,130.0,60.0,95.0,110.0,65.0,1.0,False,2.0,https://raw.githubusercontent.com/PokeAPI/sprites/master/sprites/pokemon/136.0.png
138.0,Omanyte,Rock,Water,355.0,35.0,40.0,100.0,90.0,55.0,35.0,1.0,False,2.0,https://raw.githubusercontent.com/PokeAPI/sprites/master/sprites/pokemon/138.0.png
139.0,Omastar,Rock,Water,495.0,70.0,60.0,125.0,115.0,70.0,55.0,1.0,False,2.0,https://raw.githubusercontent.com/PokeAPI/sprites/master/sprites/pokemon/139.0.png
140.0,Kabuto,Rock,Water,355.0,30.0,80.0,90.0,55.0,45.0,55.0,1.0,False,2.0,https://raw.githubusercontent.com/PokeAPI/sprites/master/sprites/pokemon/140.0.png
141.0,Kabutops,Rock,Water,495.0,60.0,115.0,105.0,65.0,70.0,80.0,1.0,False,2.0,https://raw.githubusercontent.com/PokeAPI/sprites/master/sprites/pokemon/141.0.png
142.0,Aerodactyl,Rock,Flying,515.0,80.0,105.0,65.0,60.0,75.0,130.0,1.0,False,2.0,https://raw.githubusercontent.com/PokeAPI/sprites/master/sprites/pokemon/142.0.png
142.0,AerodactylMega Aerodactyl,Rock,Flying,615.0,80.0,135.0,85.0,70.0,95.0,150.0,1.0,False,4.0,https://raw.githubusercontent.com/PokeAPI/sprites/master/sprites/pokemon/142.0.png
143.0,Snorlax,Normal,,540.0,160.0,110.0,65.0,65.0,110.0,30.0,1.0,False,2.0,https://raw.githubusercontent.com/PokeAPI/sprites/master/sprites/pokemon/143.0.png
144.0,Articuno,Ice,Flying,580.0,90.0,85.0,100.0,95.0,125.0,85.0,1.0,True,2.0,https://raw.githubusercontent.com/PokeAPI/sprites/master/sprites/pokemon/144.0.png
145.0,Zapdos,Electric,Flying,580.0,90.0,90.0,85.0,125.0,90.0,100.0,1.0,True,2.0,https://raw.githubusercontent.com/PokeAPI/sprites/master/sprites/pokemon/145.0.png
146.0,Moltres,Fire,Flying,580.0,90.0,100.0,90.0,125.0,85.0,90.0,1.0,True,2.0,https://raw.githubusercontent.com/PokeAPI/sprites/master/sprites/pokemon/146.0.png
147.0,Dratini,Dragon,,300.0,41.0,64.0,45.0,50.0,50.0,50.0,1.0,False,2.0,https://raw.githubusercontent.com/PokeAPI/sprites/master/sprites/pokemon/147.0.png
148.0,Dragonair,Dragon,,420.0,61.0,84.0,65.0,70.0,70.0,70.0,1.0,False,2.0,https://raw.githubusercontent.com/PokeAPI/sprites/master/sprites/pokemon/148.0.png
149.0,Dragonite,Dragon,Flying,600.0,91.0,134.0,95.0,100.0,100.0,80.0,1.0,False,2.0,https://raw.githubusercontent.com/PokeAPI/sprites/master/sprites/pokemon/149.0.png
150.0,Mewtwo,Psychic,,680.0,106.0,110.0,90.0,154.0,90.0,130.0,1.0,True,2.0,https://raw.githubusercontent.com/PokeAPI/sprites/master/sprites/pokemon/150.0.png
150.0,MewtwoMega Mewtwo X,Psychic,Fighting,780.0,106.0,190.0,100.0,154.0,100.0,130.0,1.0,True,4.0,https://raw.githubusercontent.com/PokeAPI/sprites/master/sprites/pokemon/150.0.png
150.0,MewtwoMega Mewtwo Y,Psychic,,780.0,106.0,150.0,70.0,194.0,120.0,140.0,1.0,True,4.0,https://raw.githubusercontent.com/PokeAPI/sprites/master/sprites/pokemon/150.0.png
151.0,Mew,Psychic,,600.0,100.0,100.0,100.0,100.0,100.0,100.0,1.0,False,2.0,https://raw.githubusercontent.com/PokeAPI/sprites/master/sprites/pokemon/151.0.png
152.0,Chikorita,Grass,,318.0,45.0,49.0,65.0,49.0,65.0,45.0,2.0,False,2.0,https://raw.githubusercontent.com/PokeAPI/sprites/master/sprites/pokemon/152.0.png
153.0,Bayleef,Grass,,405.0,60.0,62.0,80.0,63.0,80.0,60.0,2.0,False,2.0,https://raw.githubusercontent.com/PokeAPI/sprites/master/sprites/pokemon/153.0.png
154.0,Meganium,Grass,,525.0,80.0,82.0,100.0,83.0,100.0,80.0,2.0,False,3.0,https://raw.githubusercontent.com/PokeAPI/sprites/master/sprites/pokemon/154.0.png
155.0,Cyndaquil,Fire,,309.0,39.0,52.0,43.0,60.0,50.0,65.0,2.0,False,2.0,https://raw.githubusercontent.com/PokeAPI/sprites/master/sprites/pokemon/155.0.png
156.0,Quilava,Fire,,405.0,58.0,64.0,58.0,80.0,65.0,80.0,2.0,False,2.0,https://raw.githubusercontent.com/PokeAPI/sprites/master/sprites/pokemon/156.0.png
157.0,Typhlosion,Fire,,534.0,78.0,84.0,78.0,109.0,85.0,100.0,2.0,False,2.0,https://raw.githubusercontent.com/PokeAPI/sprites/master/sprites/pokemon/157.0.png
158.0,Totodile,Water,,314.0,50.0,65.0,64.0,44.0,48.0,43.0,2.0,False,2.0,https://raw.githubusercontent.com/PokeAPI/sprites/master/sprites/pokemon/158.0.png
159.0,Croconaw,Water,,405.0,65.0,80.0,80.0,59.0,63.0,58.0,2.0,False,2.0,https://raw.githubusercontent.com/PokeAPI/sprites/master/sprites/pokemon/159.0.png
160.0,Feraligatr,Water,,530.0,85.0,105.0,100.0,79.0,83.0,78.0,2.0,False,2.0,https://raw.githubusercontent.com/PokeAPI/sprites/master/sprites/pokemon/160.0.png
161.0,Sentret,Normal,,215.0,35.0,46.0,34.0,35.0,45.0,20.0,2.0,False,2.0,https://raw.githubusercontent.com/PokeAPI/sprites/master/sprites/pokemon/161.0.png
162.0,Furret,Normal,,415.0,85.0,76.0,64.0,45.0,55.0,90.0,2.0,False,2.0,https://raw.githubusercontent.com/PokeAPI/sprites/master/sprites/pokemon/162.0.png
163.0,Hoothoot,Normal,Flying,262.0,60.0,30.0,30.0,36.0,56.0,50.0,2.0,False,2.0,https://raw.githubusercontent.com/PokeAPI/sprites/master/sprites/pokemon/163.0.png
164.0,Noctowl,Normal,Flying,442.0,100.0,50.0,50.0,76.0,96.0,70.0,2.0,False,2.0,https://raw.githubusercontent.com/PokeAPI/sprites/master/sprites/pokemon/164.0.png
165.0,Ledyba,Bug,Flying,265.0,40.0,20.0,30.0,40.0,80.0,55.0,2.0,False,2.0,https://raw.githubusercontent.com/PokeAPI/sprites/master/sprites/pokemon/165.0.png
166.0,Ledian,Bug,Flying,390.0,55.0,35.0,50.0,55.0,110.0,85.0,2.0,False,2.0,https://raw.githubusercontent.com/PokeAPI/sprites/master/sprites/pokemon/166.0.png
167.0,Spinarak,Bug,Poison,250.0,40.0,60.0,40.0,40.0,40.0,30.0,2.0,False,2.0,https://raw.githubusercontent.com/PokeAPI/sprites/master/sprites/pokemon/167.0.png
168.0,Ariados,Bug,Poison,390.0,70.0,90.0,70.0,60.0,60.0,40.0,2.0,False,2.0,https://raw.githubusercontent.com/PokeAPI/sprites/master/sprites/pokemon/168.0.png
169.0,Crobat,Poison,Flying,535.0,85.0,90.0,80.0,70.0,80.0,130.0,2.0,False,2.0,https://raw.githubusercontent.com/PokeAPI/sprites/master/sprites/pokemon/169.0.png
170.0,Chinchou,Water,Electric,330.0,75.0,38.0,38.0,56.0,56.0,67.0,2.0,False,2.0,https://raw.githubusercontent.com/PokeAPI/sprites/master/sprites/pokemon/170.0.png
171.0,Lanturn,Water,Electric,460.0,125.0,58.0,58.0,76.0,76.0,67.0,2.0,False,2.0,https://raw.githubusercontent.com/PokeAPI/sprites/master/sprites/pokemon/171.0.png
172.0,Pichu,Electric,,205.0,20.0,40.0,15.0,35.0,35.0,60.0,2.0,False,1.0,https://raw.githubusercontent.com/PokeAPI/sprites/master/sprites/pokemon/172.0.png
173.0,Cleffa,Fairy,,218.0,50.0,25.0,28.0,45.0,55.0,15.0,2.0,False,1.0,https://raw.githubusercontent.com/PokeAPI/sprites/master/sprites/pokemon/173.0.png
174.0,Igglybuff,Normal,Fairy,210.0,90.0,30.0,15.0,40.0,20.0,15.0,2.0,False,1.0,https://raw.githubusercontent.com/PokeAPI/sprites/master/sprites/pokemon/174.0.png
175.0,Togepi,Fairy,,245.0,35.0,20.0,65.0,40.0,65.0,20.0,2.0,False,1.0,https://raw.githubusercontent.com/PokeAPI/sprites/master/sprites/pokemon/175.0.png
176.0,Togetic,Fairy,Flying,405.0,55.0,40.0,85.0,80.0,105.0,40.0,2.0,False,3.0,https://raw.githubusercontent.com/PokeAPI/sprites/master/sprites/pokemon/176.0.png
177.0,Natu,Psychic,Flying,320.0,40.0,50.0,45.0,70.0,45.0,70.0,2.0,False,2.0,https://raw.githubusercontent.com/PokeAPI/sprites/master/sprites/pokemon/177.0.png
178.0,Xatu,Psychic,Flying,470.0,65.0,75.0,70.0,95.0,70.0,95.0,2.0,False,2.0,https://raw.githubusercontent.com/PokeAPI/sprites/master/sprites/pokemon/178.0.png
179.0,Mareep,Electric,,280.0,55.0,40.0,40.0,65.0,45.0,35.0,2.0,False,2.0,https://raw.githubusercontent.com/PokeAPI/sprites/master/sprites/pokemon/179.0.png
180.0,Flaaffy,Electric,,365.0,70.0,55.0,55.0,80.0,60.0,45.0,2.0,False,2.0,https://raw.githubusercontent.com/PokeAPI/sprites/master/sprites/pokemon/180.0.png
181.0,Ampharos,Electric,,510.0,90.0,75.0,85.0,115.0,90.0,55.0,2.0,False,2.0,https://raw.githubusercontent.com/PokeAPI/sprites/master/sprites/pokemon/181.0.png
181.0,AmpharosMega Ampharos,Electric,Dragon,610.0,90.0,95.0,105.0,165.0,110.0,45.0,2.0,False,4.0,https://raw.githubusercontent.com/PokeAPI/sprites/master/sprites/pokemon/181.0.png
182.0,Bellossom,Grass,,490.0,75.0,80.0,95.0,90.0,100.0,50.0,2.0,False,2.0,https://raw.githubusercontent.com/PokeAPI/sprites/master/sprites/pokemon/182.0.png
183.0,Marill,Water,Fairy,250.0,70.0,20.0,50.0,20.0,50.0,40.0,2.0,False,2.0,https://raw.githubusercontent.com/PokeAPI/sprites/master/sprites/pokemon/183.0.png
184.0,Azumarill,Water,Fairy,420.0,100.0,50.0,80.0,60.0,80.0,50.0,2.0,False,3.0,https://raw.githubusercontent.com/PokeAPI/sprites/master/sprites/pokemon/184.0.png
185.0,Sudowoodo,Rock,,410.0,70.0,100.0,115.0,30.0,65.0,30.0,2.0,False,2.0,https://raw.githubusercontent.com/PokeAPI/sprites/master/sprites/pokemon/185.0.png
186.0,Politoed,Water,,500.0,90.0,75.0,75.0,90.0,100.0,70.0,2.0,False,2.0,https://raw.githubusercontent.com/PokeAPI/sprites/master/sprites/pokemon/186.0.png
187.0,Hoppip,Grass,Flying,250.0,35.0,35.0,40.0,35.0,55.0,50.0,2.0,False,2.0,https://raw.githubusercontent.com/PokeAPI/sprites/master/sprites/pokemon/187.0.png
188.0,Skiploom,Grass,Flying,340.0,55.0,45.0,50.0,45.0,65.0,80.0,2.0,False,2.0,https://raw.githubusercontent.com/PokeAPI/sprites/master/sprites/pokemon/188.0.png
189.0,Jumpluff,Grass,Flying,460.0,75.0,55.0,70.0,55.0,95.0,110.0,2.0,False,2.0,https://raw.githubusercontent.com/PokeAPI/sprites/master/sprites/pokemon/189.0.png
190.0,Aipom,Normal,,360.0,55.0,70.0,55.0,40.0,55.0,85.0,2.0,False,2.0,https://raw.githubusercontent.com/PokeAPI/sprites/master/sprites/pokemon/190.0.png
191.0,Sunkern,Grass,,180.0,30.0,30.0,30.0,30.0,30.0,30.0,2.0,False,2.0,https://raw.githubusercontent.com/PokeAPI/sprites/master/sprites/pokemon/191.0.png
192.0,Sunflora,Grass,,425.0,75.0,75.0,55.0,105.0,85.0,30.0,2.0,False,2.0,https://raw.githubusercontent.com/PokeAPI/sprites/master/sprites/pokemon/192.0.png
193.0,Yanma,Bug,Flying,390.0,65.0,65.0,45.0,75.0,45.0,95.0,2.0,False,2.0,https://raw.githubusercontent.com/PokeAPI/sprites/master/sprites/pokemon/193.0.png
194.0,Wooper,Water,Ground,210.0,55.0,45.0,45.0,25.0,25.0,15.0,2.0,False,2.0,https://raw.githubusercontent.com/PokeAPI/sprites/master/sprites/pokemon/194.0.png
195.0,Quagsire,Water,Ground,430.0,95.0,85.0,85.0,65.0,65.0,35.0,2.0,False,2.0,https://raw.githubusercontent.com/PokeAPI/sprites/master/sprites/pokemon/195.0.png
196.0,Espeon,Psychic,,525.0,65.0,65.0,60.0,130.0,95.0,110.0,2.0,False,2.0,https://raw.githubusercontent.com/PokeAPI/sprites/master/sprites/pokemon/196.0.png
197.0,Umbreon,Dark,,525.0,95.0,65.0,110.0,60.0,130.0,65.0,2.0,False,2.0,https://raw.githubusercontent.com/PokeAPI/sprites/master/sprites/pokemon/197.0.png
198.0,Murkrow,Dark,Flying,405.0,60.0,85.0,42.0,85.0,42.0,91.0,2.0,False,2.0,https://raw.githubusercontent.com/PokeAPI/sprites/master/sprites/pokemon/198.0.png
199.0,Slowking,Water,Psychic,490.0,95.0,75.0,80.0,100.0,110.0,30.0,2.0,False,2.0,https://raw.githubusercontent.com/PokeAPI/sprites/master/sprites/pokemon/199.0.png
200.0,Misdreavus,Ghost,,435.0,60.0,60.0,60.0,85.0,85.0,85.0,2.0,False,2.0,https://raw.githubusercontent.com/PokeAPI/sprites/master/sprites/pokemon/200.0.png
201.0,Unown,Psychic,,336.0,48.0,72.0,48.0,72.0,48.0,48.0,2.0,False,2.0,https://raw.githubusercontent.com/PokeAPI/sprites/master/sprites/pokemon/201.0.png
202.0,Wobbuffet,Psychic,,405.0,190.0,33.0,58.0,33.0,58.0,33.0,2.0,False,2.0,https://raw.githubusercontent.com/PokeAPI/sprites/master/sprites/pokemon/202.0.png
203.0,Girafarig,Normal,Psychic,455.0,70.0,80.0,65.0,90.0,65.0,85.0,2.0,False,2.0,https://raw.githubusercontent.com/PokeAPI/sprites/master/sprites/pokemon/203.0.png
204.0,Pineco,Bug,,290.0,50.0,65.0,90.0,35.0,35.0,15.0,2.0,False,2.0,https://raw.githubusercontent.com/PokeAPI/sprites/master/sprites/pokemon/204.0.png
205.0,Forretress,Bug,Steel,465.0,75.0,90.0,140.0,60.0,60.0,40.0,2.0,False,2.0,https://raw.githubusercontent.com/PokeAPI/sprites/master/sprites/pokemon/205.0.png
206.0,Dunsparce,Normal,,415.0,100.0,70.0,70.0,65.0,65.0,45.0,2.0,False,2.0,https://raw.githubusercontent.com/PokeAPI/sprites/master/sprites/pokemon/206.0.png
207.0,Gligar,Ground,Flying,430.0,65.0,75.0,105.0,35.0,65.0,85.0,2.0,False,2.0,https://raw.githubusercontent.com/PokeAPI/sprites/master/sprites/pokemon/207.0.png
208.0,Steelix,Steel,Ground,510.0,75.0,85.0,200.0,55.0,65.0,30.0,2.0,False,2.0,https://raw.githubusercontent.com/PokeAPI/sprites/master/sprites/pokemon/208.0.png
208.0,SteelixMega Steelix,Steel,Ground,610.0,75.0,125.0,230.0,55.0,95.0,30.0,2.0,False,4.0,https://raw.githubusercontent.com/PokeAPI/sprites/master/sprites/pokemon/208.0.png
209.0,Snubbull,Fairy,,300.0,60.0,80.0,50.0,40.0,40.0,30.0,2.0,False,2.0,https://raw.githubusercontent.com/PokeAPI/sprites/master/sprites/pokemon/209.0.png
210.0,Granbull,Fairy,,450.0,90.0,120.0,75.0,60.0,60.0,45.0,2.0,False,2.0,https://raw.githubusercontent.com/PokeAPI/sprites/master/sprites/pokemon/210.0.png
211.0,Qwilfish,Water,Poison,430.0,65.0,95.0,75.0,55.0,55.0,85.0,2.0,False,2.0,https://raw.githubusercontent.com/PokeAPI/sprites/master/sprites/pokemon/211.0.png
212.0,Scizor,Bug,Steel,500.0,70.0,130.0,100.0,55.0,80.0,65.0,2.0,False,2.0,https://raw.githubusercontent.com/PokeAPI/sprites/master/sprites/pokemon/212.0.png
212.0,ScizorMega Scizor,Bug,Steel,600.0,70.0,150.0,140.0,65.0,100.0,75.0,2.0,False,4.0,https://raw.githubusercontent.com/PokeAPI/sprites/master/sprites/pokemon/212.0.png
213.0,Shuckle,Bug,Rock,505.0,20.0,10.0,230.0,10.0,230.0,5.0,2.0,False,2.0,https://raw.githubusercontent.com/PokeAPI/sprites/master/sprites/pokemon/213.0.png
214.0,Heracross,Bug,Fighting,500.0,80.0,125.0,75.0,40.0,95.0,85.0,2.0,False,2.0,https://raw.githubusercontent.com/PokeAPI/sprites/master/sprites/pokemon/214.0.png
214.0,HeracrossMega Heracross,Bug,Fighting,600.0,80.0,185.0,115.0,40.0,105.0,75.0,2.0,False,4.0,https://raw.githubusercontent.com/PokeAPI/sprites/master/sprites/pokemon/214.0.png
215.0,Sneasel,Dark,Ice,430.0,55.0,95.0,55.0,35.0,75.0,115.0,2.0,False,2.0,https://raw.githubusercontent.com/PokeAPI/sprites/master/sprites/pokemon/215.0.png
216.0,Teddiursa,Normal,,330.0,60.0,80.0,50.0,50.0,50.0,40.0,2.0,False,2.0,https://raw.githubusercontent.com/PokeAPI/sprites/master/sprites/pokemon/216.0.png
217.0,Ursaring,Normal,,500.0,90.0,130.0,75.0,75.0,75.0,55.0,2.0,False,2.0,https://raw.githubusercontent.com/PokeAPI/sprites/master/sprites/pokemon/217.0.png
218.0,Slugma,Fire,,250.0,40.0,40.0,40.0,70.0,40.0,20.0,2.0,False,2.0,https://raw.githubusercontent.com/PokeAPI/sprites/master/sprites/pokemon/218.0.png
219.0,Magcargo,Fire,Rock,410.0,50.0,50.0,120.0,80.0,80.0,30.0,2.0,False,2.0,https://raw.githubusercontent.com/PokeAPI/sprites/master/sprites/pokemon/219.0.png
220.0,Swinub,Ice,Ground,250.0,50.0,50.0,40.0,30.0,30.0,50.0,2.0,False,2.0,https://raw.githubusercontent.com/PokeAPI/sprites/master/sprites/pokemon/220.0.png
221.0,Piloswine,Ice,Ground,450.0,100.0,100.0,80.0,60.0,60.0,50.0,2.0,False,2.0,https://raw.githubusercontent.com/PokeAPI/sprites/master/sprites/pokemon/221.0.png
222.0,Corsola,Water,Rock,380.0,55.0,55.0,85.0,65.0,85.0,35.0,2.0,False,2.0,https://raw.githubusercontent.com/PokeAPI/sprites/master/sprites/pokemon/222.0.png
223.0,Remoraid,Water,,300.0,35.0,65.0,35.0,65.0,35.0,65.0,2.0,False,2.0,https://raw.githubusercontent.com/PokeAPI/sprites/master/sprites/pokemon/223.0.png
224.0,Octillery,Water,,480.0,75.0,105.0,75.0,105.0,75.0,45.0,2.0,False,2.0,https://raw.githubusercontent.com/PokeAPI/sprites/master/sprites/pokemon/224.0.png
225.0,Delibird,Ice,Flying,330.0,45.0,55.0,45.0,65.0,45.0,75.0,2.0,False,2.0,https://raw.githubusercontent.com/PokeAPI/sprites/master/sprites/pokemon/225.0.png
226.0,Mantine,Water,Flying,465.0,65.0,40.0,70.0,80.0,140.0,70.0,2.0,False,2.0,https://raw.githubusercontent.com/PokeAPI/sprites/master/sprites/pokemon/226.0.png
227.0,Skarmory,Steel,Flying,465.0,65.0,80.0,140.0,40.0,70.0,70.0,2.0,False,2.0,https://raw.githubusercontent.com/PokeAPI/sprites/master/sprites/pokemon/227.0.png
228.0,Houndour,Dark,Fire,330.0,45.0,60.0,30.0,80.0,50.0,65.0,2.0,False,2.0,https://raw.githubusercontent.com/PokeAPI/sprites/master/sprites/pokemon/228.0.png
229.0,Houndoom,Dark,Fire,500.0,75.0,90.0,50.0,110.0,80.0,95.0,2.0,False,2.0,https://raw.githubusercontent.com/PokeAPI/sprites/master/sprites/pokemon/229.0.png
229.0,HoundoomMega Houndoom,Dark,Fire,600.0,75.0,90.0,90.0,140.0,90.0,115.0,2.0,False,4.0,https://raw.githubusercontent.com/PokeAPI/sprites/master/sprites/pokemon/229.0.png
230.0,Kingdra,Water,Dragon,540.0,75.0,95.0,95.0,95.0,95.0,85.0,2.0,False,2.0,https://raw.githubusercontent.com/PokeAPI/sprites/master/sprites/pokemon/230.0.png
231.0,Phanpy,Ground,,330.0,90.0,60.0,60.0,40.0,40.0,40.0,2.0,False,2.0,https://raw.githubusercontent.com/PokeAPI/sprites/master/sprites/pokemon/231.0.png
232.0,Donphan,Ground,,500.0,90.0,120.0,120.0,60.0,60.0,50.0,2.0,False,2.0,https://raw.githubusercontent.com/PokeAPI/sprites/master/sprites/pokemon/232.0.png
234.0,Stantler,Normal,,465.0,73.0,95.0,62.0,85.0,65.0,85.0,2.0,False,2.0,https://raw.githubusercontent.com/PokeAPI/sprites/master/sprites/pokemon/234.0.png
235.0,Smeargle,Normal,,250.0,55.0,20.0,35.0,20.0,45.0,75.0,2.0,False,2.0,https://raw.githubusercontent.com/PokeAPI/sprites/master/sprites/pokemon/235.0.png
236.0,Tyrogue,Fighting,,210.0,35.0,35.0,35.0,35.0,35.0,35.0,2.0,False,1.0,https://raw.githubusercontent.com/PokeAPI/sprites/master/sprites/pokemon/236.0.png
237.0,Hitmontop,Fighting,,455.0,50.0,95.0,95.0,35.0,110.0,70.0,2.0,False,2.0,https://raw.githubusercontent.com/PokeAPI/sprites/master/sprites/pokemon/237.0.png
238.0,Smoochum,Ice,Psychic,305.0,45.0,30.0,15.0,85.0,65.0,65.0,2.0,False,1.0,https://raw.githubusercontent.com/PokeAPI/sprites/master/sprites/pokemon/238.0.png
239.0,Elekid,Electric,,360.0,45.0,63.0,37.0,65.0,55.0,95.0,2.0,False,1.0,https://raw.githubusercontent.com/PokeAPI/sprites/master/sprites/pokemon/239.0.png
240.0,Magby,Fire,,365.0,45.0,75.0,37.0,70.0,55.0,83.0,2.0,False,1.0,https://raw.githubusercontent.com/PokeAPI/sprites/master/sprites/pokemon/240.0.png
241.0,Miltank,Normal,,490.0,95.0,80.0,105.0,40.0,70.0,100.0,2.0,False,2.0,https://raw.githubusercontent.com/PokeAPI/sprites/master/sprites/pokemon/241.0.png
242.0,Blissey,Normal,,540.0,255.0,10.0,10.0,75.0,135.0,55.0,2.0,False,3.0,https://raw.githubusercontent.com/PokeAPI/sprites/master/sprites/pokemon/242.0.png
243.0,Raikou,Electric,,580.0,90.0,85.0,75.0,115.0,100.0,115.0,2.0,True,2.0,https://raw.githubusercontent.com/PokeAPI/sprites/master/sprites/pokemon/243.0.png
244.0,Entei,Fire,,580.0,115.0,115.0,85.0,90.0,75.0,100.0,2.0,True,2.0,https://raw.githubusercontent.com/PokeAPI/sprites/master/sprites/pokemon/244.0.png
245.0,Suicune,Water,,580.0,100.0,75.0,115.0,90.0,115.0,85.0,2.0,True,2.0,https://raw.githubusercontent.com/PokeAPI/sprites/master/sprites/pokemon/245.0.png
246.0,Larvitar,Rock,Ground,300.0,50.0,64.0,50.0,45.0,50.0,41.0,2.0,False,2.0,https://raw.githubusercontent.com/PokeAPI/sprites/master/sprites/pokemon/246.0.png
247.0,Pupitar,Rock,Ground,410.0,70.0,84.0,70.0,65.0,70.0,51.0,2.0,False,2.0,https://raw.githubusercontent.com/PokeAPI/sprites/master/sprites/pokemon/247.0.png
248.0,Tyranitar,Rock,Dark,600.0,100.0,134.0,110.0,95.0,100.0,61.0,2.0,False,2.0,https://raw.githubusercontent.com/PokeAPI/sprites/master/sprites/pokemon/248.0.png
248.0,TyranitarMega Tyranitar,Rock,Dark,700.0,100.0,164.0,150.0,95.0,120.0,71.0,2.0,False,4.0,https://raw.githubusercontent.com/PokeAPI/sprites/master/sprites/pokemon/248.0.png
249.0,Lugia,Psychic,Flying,680.0,106.0,90.0,130.0,90.0,154.0,110.0,2.0,True,2.0,https://raw.githubusercontent.com/PokeAPI/sprites/master/sprites/pokemon/249.0.png
250.0,Ho-oh,Fire,Flying,680.0,106.0,130.0,90.0,110.0,154.0,90.0,2.0,True,2.0,https://raw.githubusercontent.com/PokeAPI/sprites/master/sprites/pokemon/250.0.png
251.0,Celebi,Psychic,Grass,600.0,100.0,100.0,100.0,100.0,100.0,100.0,2.0,False,2.0,https://raw.githubusercontent.com/PokeAPI/sprites/master/sprites/pokemon/251.0.png
252.0,Treecko,Grass,,310.0,40.0,45.0,35.0,65.0,55.0,70.0,3.0,False,2.0,https://raw.githubusercontent.com/PokeAPI/sprites/master/sprites/pokemon/252.0.png
253.0,Grovyle,Grass,,405.0,50.0,65.0,45.0,85.0,65.0,95.0,3.0,False,2.0,https://raw.githubusercontent.com/PokeAPI/sprites/master/sprites/pokemon/253.0.png
254.0,Sceptile,Grass,,530.0,70.0,85.0,65.0,105.0,85.0,120.0,3.0,False,2.0,https://raw.githubusercontent.com/PokeAPI/sprites/master/sprites/pokemon/254.0.png
254.0,SceptileMega Sceptile,Grass,Dragon,630.0,70.0,110.0,75.0,145.0,85.0,145.0,3.0,False,4.0,https://raw.githubusercontent.com/PokeAPI/sprites/master/sprites/pokemon/254.0.png
255.0,Torchic,Fire,,310.0,45.0,60.0,40.0,70.0,50.0,45.0,3.0,False,2.0,https://raw.githubusercontent.com/PokeAPI/sprites/master/sprites/pokemon/255.0.png
256.0,Combusken,Fire,Fighting,405.0,60.0,85.0,60.0,85.0,60.0,55.0,3.0,False,2.0,https://raw.githubusercontent.com/PokeAPI/sprites/master/sprites/pokemon/256.0.png
257.0,Blaziken,Fire,Fighting,530.0,80.0,120.0,70.0,110.0,70.0,80.0,3.0,False,2.0,https://raw.githubusercontent.com/PokeAPI/sprites/master/sprites/pokemon/257.0.png
257.0,BlazikenMega Blaziken,Fire,Fighting,630.0,80.0,160.0,80.0,130.0,80.0,100.0,3.0,False,4.0,https://raw.githubusercontent.com/PokeAPI/sprites/master/sprites/pokemon/257.0.png
258.0,Mudkip,Water,,310.0,50.0,70.0,50.0,50.0,50.0,40.0,3.0,False,2.0,https://raw.githubusercontent.com/PokeAPI/sprites/master/sprites/pokemon/258.0.png
259.0,Marshtomp,Water,Ground,405.0,70.0,85.0,70.0,60.0,70.0,50.0,3.0,False,2.0,https://raw.githubusercontent.com/PokeAPI/sprites/master/sprites/pokemon/259.0.png
260.0,Swampert,Water,Ground,535.0,100.0,110.0,90.0,85.0,90.0,60.0,3.0,False,2.0,https://raw.githubusercontent.com/PokeAPI/sprites/master/sprites/pokemon/260.0.png
260.0,SwampertMega Swampert,Water,Ground,635.0,100.0,150.0,110.0,95.0,110.0,70.0,3.0,False,4.0,https://raw.githubusercontent.com/PokeAPI/sprites/master/sprites/pokemon/260.0.png
261.0,Poochyena,Dark,,220.0,35.0,55.0,35.0,30.0,30.0,35.0,3.0,False,2.0,https://raw.githubusercontent.com/PokeAPI/sprites/master/sprites/pokemon/261.0.png
262.0,Mightyena,Dark,,420.0,70.0,90.0,70.0,60.0,60.0,70.0,3.0,False,2.0,https://raw.githubusercontent.com/PokeAPI/sprites/master/sprites/pokemon/262.0.png
263.0,Zigzagoon,Normal,,240.0,38.0,30.0,41.0,30.0,41.0,60.0,3.0,False,2.0,https://raw.githubusercontent.com/PokeAPI/sprites/master/sprites/pokemon/263.0.png
264.0,Linoone,Normal,,420.0,78.0,70.0,61.0,50.0,61.0,100.0,3.0,False,2.0,https://raw.githubusercontent.com/PokeAPI/sprites/master/sprites/pokemon/264.0.png
265.0,Wurmple,Bug,,195.0,45.0,45.0,35.0,20.0,30.0,20.0,3.0,False,2.0,https://raw.githubusercontent.com/PokeAPI/sprites/master/sprites/pokemon/265.0.png
266.0,Silcoon,Bug,,205.0,50.0,35.0,55.0,25.0,25.0,15.0,3.0,False,2.0,https://raw.githubusercontent.com/PokeAPI/sprites/master/sprites/pokemon/266.0.png
267.0,Beautifly,Bug,Flying,395.0,60.0,70.0,50.0,100.0,50.0,65.0,3.0,False,2.0,https://raw.githubusercontent.com/PokeAPI/sprites/master/sprites/pokemon/267.0.png
268.0,Cascoon,Bug,,205.0,50.0,35.0,55.0,25.0,25.0,15.0,3.0,False,2.0,https://raw.githubusercontent.com/PokeAPI/sprites/master/sprites/pokemon/268.0.png
269.0,Dustox,Bug,Poison,385.0,60.0,50.0,70.0,50.0,90.0,65.0,3.0,False,2.0,https://raw.githubusercontent.com/PokeAPI/sprites/master/sprites/pokemon/269.0.png
270.0,Lotad,Water,Grass,220.0,40.0,30.0,30.0,40.0,50.0,30.0,3.0,False,2.0,https://raw.githubusercontent.com/PokeAPI/sprites/master/sprites/pokemon/270.0.png
271.0,Lombre,Water,Grass,340.0,60.0,50.0,50.0,60.0,70.0,50.0,3.0,False,2.0,https://raw.githubusercontent.com/PokeAPI/sprites/master/sprites/pokemon/271.0.png
272.0,Ludicolo,Water,Grass,480.0,80.0,70.0,70.0,90.0,100.0,70.0,3.0,False,2.0,https://raw.githubusercontent.com/PokeAPI/sprites/master/sprites/pokemon/272.0.png
273.0,Seedot,Grass,,220.0,40.0,40.0,50.0,30.0,30.0,30.0,3.0,False,2.0,https://raw.githubusercontent.com/PokeAPI/sprites/master/sprites/pokemon/273.0.png
274.0,Nuzleaf,Grass,Dark,340.0,70.0,70.0,40.0,60.0,40.0,60.0,3.0,False,2.0,https://raw.githubusercontent.com/PokeAPI/sprites/master/sprites/pokemon/274.0.png
275.0,Shiftry,Grass,Dark,480.0,90.0,100.0,60.0,90.0,60.0,80.0,3.0,False,2.0,https://raw.githubusercontent.com/PokeAPI/sprites/master/sprites/pokemon/275.0.png
276.0,Taillow,Normal,Flying,270.0,40.0,55.0,30.0,30.0,30.0,85.0,3.0,False,2.0,https://raw.githubusercontent.com/PokeAPI/sprites/master/sprites/pokemon/276.0.png
277.0,Swellow,Normal,Flying,430.0,60.0,85.0,60.0,50.0,50.0,125.0,3.0,False,2.0,https://raw.githubusercontent.com/PokeAPI/sprites/master/sprites/pokemon/277.0.png
278.0,Wingull,Water,Flying,270.0,40.0,30.0,30.0,55.0,30.0,85.0,3.0,False,2.0,https://raw.githubusercontent.com/PokeAPI/sprites/master/sprites/pokemon/278.0.png
279.0,Pelipper,Water,Flying,430.0,60.0,50.0,100.0,85.0,70.0,65.0,3.0,False,2.0,https://raw.githubusercontent.com/PokeAPI/sprites/master/sprites/pokemon/279.0.png
280.0,Ralts,Psychic,Fairy,198.0,28.0,25.0,25.0,45.0,35.0,40.0,3.0,False,2.0,https://raw.githubusercontent.com/PokeAPI/sprites/master/sprites/pokemon/280.0.png
281.0,Kirlia,Psychic,Fairy,278.0,38.0,35.0,35.0,65.0,55.0,50.0,3.0,False,2.0,https://raw.githubusercontent.com/PokeAPI/sprites/master/sprites/pokemon/281.0.png
282.0,Gardevoir,Psychic,Fairy,518.0,68.0,65.0,65.0,125.0,115.0,80.0,3.0,False,2.0,https://raw.githubusercontent.com/PokeAPI/sprites/master/sprites/pokemon/282.0.png
282.0,GardevoirMega Gardevoir,Psychic,Fairy,618.0,68.0,85.0,65.0,165.0,135.0,100.0,3.0,False,4.0,https://raw.githubusercontent.com/PokeAPI/sprites/master/sprites/pokemon/282.0.png
283.0,Surskit,Bug,Water,269.0,40.0,30.0,32.0,50.0,52.0,65.0,3.0,False,2.0,https://raw.githubusercontent.com/PokeAPI/sprites/master/sprites/pokemon/283.0.png
284.0,Masquerain,Bug,Flying,414.0,70.0,60.0,62.0,80.0,82.0,60.0,3.0,False,2.0,https://raw.githubusercontent.com/PokeAPI/sprites/master/sprites/pokemon/284.0.png
285.0,Shroomish,Grass,,295.0,60.0,40.0,60.0,40.0,60.0,35.0,3.0,False,2.0,https://raw.githubusercontent.com/PokeAPI/sprites/master/sprites/pokemon/285.0.png
286.0,Breloom,Grass,Fighting,460.0,60.0,130.0,80.0,60.0,60.0,70.0,3.0,False,2.0,https://raw.githubusercontent.com/PokeAPI/sprites/master/sprites/pokemon/286.0.png
287.0,Slakoth,Normal,,280.0,60.0,60.0,60.0,35.0,35.0,30.0,3.0,False,2.0,https://raw.githubusercontent.com/PokeAPI/sprites/master/sprites/pokemon/287.0.png
288.0,Vigoroth,Normal,,440.0,80.0,80.0,80.0,55.0,55.0,90.0,3.0,False,2.0,https://raw.githubusercontent.com/PokeAPI/sprites/master/sprites/pokemon/288.0.png
289.0,Slaking,Normal,,670.0,150.0,160.0,100.0,95.0,65.0,100.0,3.0,False,2.0,https://raw.githubusercontent.com/PokeAPI/sprites/master/sprites/pokemon/289.0.png
290.0,Nincada,Bug,Ground,266.0,31.0,45.0,90.0,30.0,30.0,40.0,3.0,False,2.0,https://raw.githubusercontent.com/PokeAPI/sprites/master/sprites/pokemon/290.0.png
291.0,Ninjask,Bug,Flying,456.0,61.0,90.0,45.0,50.0,50.0,160.0,3.0,False,2.0,https://raw.githubusercontent.com/PokeAPI/sprites/master/sprites/pokemon/291.0.png
292.0,Shedinja,Bug,Ghost,236.0,1.0,90.0,45.0,30.0,30.0,40.0,3.0,False,2.0,https://raw.githubusercontent.com/PokeAPI/sprites/master/sprites/pokemon/292.0.png
293.0,Whismur,Normal,,240.0,64.0,51.0,23.0,51.0,23.0,28.0,3.0,False,2.0,https://raw.githubusercontent.com/PokeAPI/sprites/master/sprites/pokemon/293.0.png
294.0,Loudred,Normal,,360.0,84.0,71.0,43.0,71.0,43.0,48.0,3.0,False,2.0,https://raw.githubusercontent.com/PokeAPI/sprites/master/sprites/pokemon/294.0.png
295.0,Exploud,Normal,,490.0,104.0,91.0,63.0,91.0,73.0,68.0,3.0,False,2.0,https://raw.githubusercontent.com/PokeAPI/sprites/master/sprites/pokemon/295.0.png
296.0,Makuhita,Fighting,,237.0,72.0,60.0,30.0,20.0,30.0,25.0,3.0,False,2.0,https://raw.githubusercontent.com/PokeAPI/sprites/master/sprites/pokemon/296.0.png
297.0,Hariyama,Fighting,,474.0,144.0,120.0,60.0,40.0,60.0,50.0,3.0,False,2.0,https://raw.githubusercontent.com/PokeAPI/sprites/master/sprites/pokemon/297.0.png
298.0,Azurill,Normal,Fairy,190.0,50.0,20.0,40.0,20.0,40.0,20.0,3.0,False,1.0,https://raw.githubusercontent.com/PokeAPI/sprites/master/sprites/pokemon/298.0.png
299.0,Nosepass,Rock,,375.0,30.0,45.0,135.0,45.0,90.0,30.0,3.0,False,2.0,https://raw.githubusercontent.com/PokeAPI/sprites/master/sprites/pokemon/299.0.png
300.0,Skitty,Normal,,260.0,50.0,45.0,45.0,35.0,35.0,50.0,3.0,False,2.0,https://raw.githubusercontent.com/PokeAPI/sprites/master/sprites/pokemon/300.0.png
301.0,Delcatty,Normal,,380.0,70.0,65.0,65.0,55.0,55.0,70.0,3.0,False,2.0,https://raw.githubusercontent.com/PokeAPI/sprites/master/sprites/pokemon/301.0.png
302.0,Sableye,Dark,Ghost,380.0,50.0,75.0,75.0,65.0,65.0,50.0,3.0,False,2.0,https://raw.githubusercontent.com/PokeAPI/sprites/master/sprites/pokemon/302.0.png
302.0,SableyeMega Sableye,Dark,Ghost,480.0,50.0,85.0,125.0,85.0,115.0,20.0,3.0,False,4.0,https://raw.githubusercontent.com/PokeAPI/sprites/master/sprites/pokemon/302.0.png
303.0,Mawile,Steel,Fairy,380.0,50.0,85.0,85.0,55.0,55.0,50.0,3.0,False,2.0,https://raw.githubusercontent.com/PokeAPI/sprites/master/sprites/pokemon/303.0.png
303.0,MawileMega Mawile,Steel,Fairy,480.0,50.0,105.0,125.0,55.0,95.0,50.0,3.0,False,4.0,https://raw.githubusercontent.com/PokeAPI/sprites/master/sprites/pokemon/303.0.png
304.0,Aron,Steel,Rock,330.0,50.0,70.0,100.0,40.0,40.0,30.0,3.0,False,2.0,https://raw.githubusercontent.com/PokeAPI/sprites/master/sprites/pokemon/304.0.png
305.0,Lairon,Steel,Rock,430.0,60.0,90.0,140.0,50.0,50.0,40.0,3.0,False,2.0,https://raw.githubusercontent.com/PokeAPI/sprites/master/sprites/pokemon/305.0.png
306.0,Aggron,Steel,Rock,530.0,70.0,110.0,180.0,60.0,60.0,50.0,3.0,False,2.0,https://raw.githubusercontent.com/PokeAPI/sprites/master/sprites/pokemon/306.0.png
306.0,AggronMega Aggron,Steel,,630.0,70.0,140.0,230.0,60.0,80.0,50.0,3.0,False,4.0,https://raw.githubusercontent.com/PokeAPI/sprites/master/sprites/pokemon/306.0.png
307.0,Meditite,Fighting,Psychic,280.0,30.0,40.0,55.0,40.0,55.0,60.0,3.0,False,2.0,https://raw.githubusercontent.com/PokeAPI/sprites/master/sprites/pokemon/307.0.png
308.0,Medicham,Fighting,Psychic,410.0,60.0,60.0,75.0,60.0,75.0,80.0,3.0,False,2.0,https://raw.githubusercontent.com/PokeAPI/sprites/master/sprites/pokemon/308.0.png
308.0,MedichamMega Medicham,Fighting,Psychic,510.0,60.0,100.0,85.0,80.0,85.0,100.0,3.0,False,4.0,https://raw.githubusercontent.com/PokeAPI/sprites/master/sprites/pokemon/308.0.png
309.0,Electrike,Electric,,295.0,40.0,45.0,40.0,65.0,40.0,65.0,3.0,False,2.0,https://raw.githubusercontent.com/PokeAPI/sprites/master/sprites/pokemon/309.0.png
310.0,Manectric,Electric,,475.0,70.0,75.0,60.0,105.0,60.0,105.0,3.0,False,2.0,https://raw.githubusercontent.com/PokeAPI/sprites/master/sprites/pokemon/310.0.png
310.0,ManectricMega Manectric,Electric,,575.0,70.0,75.0,80.0,135.0,80.0,135.0,3.0,False,4.0,https://raw.githubusercontent.com/PokeAPI/sprites/master/sprites/pokemon/310.0.png
311.0,Plusle,Electric,,405.0,60.0,50.0,40.0,85.0,75.0,95.0,3.0,False,2.0,https://raw.githubusercontent.com/PokeAPI/sprites/master/sprites/pokemon/311.0.png
312.0,Minun,Electric,,405.0,60.0,40.0,50.0,75.0,85.0,95.0,3.0,False,2.0,https://raw.githubusercontent.com/PokeAPI/sprites/master/sprites/pokemon/312.0.png
313.0,Volbeat,Bug,,400.0,65.0,73.0,55.0,47.0,75.0,85.0,3.0,False,2.0,https://raw.githubusercontent.com/PokeAPI/sprites/master/sprites/pokemon/313.0.png
314.0,Illumise,Bug,,400.0,65.0,47.0,55.0,73.0,75.0,85.0,3.0,False,2.0,https://raw.githubusercontent.com/PokeAPI/sprites/master/sprites/pokemon/314.0.png
315.0,Roselia,Grass,Poison,400.0,50.0,60.0,45.0,100.0,80.0,65.0,3.0,False,2.0,https://raw.githubusercontent.com/PokeAPI/sprites/master/sprites/pokemon/315.0.png
316.0,Gulpin,Poison,,302.0,70.0,43.0,53.0,43.0,53.0,40.0,3.0,False,2.0,https://raw.githubusercontent.com/PokeAPI/sprites/master/sprites/pokemon/316.0.png
317.0,Swalot,Poison,,467.0,100.0,73.0,83.0,73.0,83.0,55.0,3.0,False,2.0,https://raw.githubusercontent.com/PokeAPI/sprites/master/sprites/pokemon/317.0.png
318.0,Carvanha,Water,Dark,305.0,45.0,90.0,20.0,65.0,20.0,65.0,3.0,False,2.0,https://raw.githubusercontent.com/PokeAPI/sprites/master/sprites/pokemon/318.0.png
319.0,Sharpedo,Water,Dark,460.0,70.0,120.0,40.0,95.0,40.0,95.0,3.0,False,2.0,https://raw.githubusercontent.com/PokeAPI/sprites/master/sprites/pokemon/319.0.png
319.0,SharpedoMega Sharpedo,Water,Dark,560.0,70.0,140.0,70.0,110.0,65.0,105.0,3.0,False,4.0,https://raw.githubusercontent.com/PokeAPI/sprites/master/sprites/pokemon/319.0.png
320.0,Wailmer,Water,,400.0,130.0,70.0,35.0,70.0,35.0,60.0,3.0,False,2.0,https://raw.githubusercontent.com/PokeAPI/sprites/master/sprites/pokemon/320.0.png
321.0,Wailord,Water,,500.0,170.0,90.0,45.0,90.0,45.0,60.0,3.0,False,2.0,https://raw.githubusercontent.com/PokeAPI/sprites/master/sprites/pokemon/321.0.png
322.0,Numel,Fire,Ground,305.0,60.0,60.0,40.0,65.0,45.0,35.0,3.0,False,2.0,https://raw.githubusercontent.com/PokeAPI/sprites/master/sprites/pokemon/322.0.png
323.0,Camerupt,Fire,Ground,460.0,70.0,100.0,70.0,105.0,75.0,40.0,3.0,False,2.0,https://raw.githubusercontent.com/PokeAPI/sprites/master/sprites/pokemon/323.0.png
323.0,CameruptMega Camerupt,Fire,Ground,560.0,70.0,120.0,100.0,145.0,105.0,20.0,3.0,False,4.0,https://raw.githubusercontent.com/PokeAPI/sprites/master/sprites/pokemon/323.0.png
324.0,Torkoal,Fire,,470.0,70.0,85.0,140.0,85.0,70.0,20.0,3.0,False,2.0,https://raw.githubusercontent.com/PokeAPI/sprites/master/sprites/pokemon/324.0.png
325.0,Spoink,Psychic,,330.0,60.0,25.0,35.0,70.0,80.0,60.0,3.0,False,2.0,https://raw.githubusercontent.com/PokeAPI/sprites/master/sprites/pokemon/325.0.png
326.0,Grumpig,Psychic,,470.0,80.0,45.0,65.0,90.0,110.0,80.0,3.0,False,2.0,https://raw.githubusercontent.com/PokeAPI/sprites/master/sprites/pokemon/326.0.png
327.0,Spinda,Normal,,360.0,60.0,60.0,60.0,60.0,60.0,60.0,3.0,False,2.0,https://raw.githubusercontent.com/PokeAPI/sprites/master/sprites/pokemon/327.0.png
328.0,Trapinch,Ground,,290.0,45.0,100.0,45.0,45.0,45.0,10.0,3.0,False,2.0,https://raw.githubusercontent.com/PokeAPI/sprites/master/sprites/pokemon/328.0.png
329.0,Vibrava,Ground,Dragon,340.0,50.0,70.0,50.0,50.0,50.0,70.0,3.0,False,2.0,https://raw.githubusercontent.com/PokeAPI/sprites/master/sprites/pokemon/329.0.png
330.0,Flygon,Ground,Dragon,520.0,80.0,100.0,80.0,80.0,80.0,100.0,3.0,False,2.0,https://raw.githubusercontent.com/PokeAPI/sprites/master/sprites/pokemon/330.0.png
331.0,Cacnea,Grass,,335.0,50.0,85.0,40.0,85.0,40.0,35.0,3.0,False,2.0,https://raw.githubusercontent.com/PokeAPI/sprites/master/sprites/pokemon/331.0.png
332.0,Cacturne,Grass,Dark,475.0,70.0,115.0,60.0,115.0,60.0,55.0,3.0,False,2.0,https://raw.githubusercontent.com/PokeAPI/sprites/master/sprites/pokemon/332.0.png
333.0,Swablu,Normal,Flying,310.0,45.0,40.0,60.0,40.0,75.0,50.0,3.0,False,2.0,https://raw.githubusercontent.com/PokeAPI/sprites/master/sprites/pokemon/333.0.png
334.0,Altaria,Dragon,Flying,490.0,75.0,70.0,90.0,70.0,105.0,80.0,3.0,False,2.0,https://raw.githubusercontent.com/PokeAPI/sprites/master/sprites/pokemon/334.0.png
334.0,AltariaMega Altaria,Dragon,Fairy,590.0,75.0,110.0,110.0,110.0,105.0,80.0,3.0,False,4.0,https://raw.githubusercontent.com/PokeAPI/sprites/master/sprites/pokemon/334.0.png
335.0,Zangoose,Normal,,458.0,73.0,115.0,60.0,60.0,60.0,90.0,3.0,False,2.0,https://raw.githubusercontent.com/PokeAPI/sprites/master/sprites/pokemon/335.0.png
336.0,Seviper,Poison,,458.0,73.0,100.0,60.0,100.0,60.0,65.0,3.0,False,2.0,https://raw.githubusercontent.com/PokeAPI/sprites/master/sprites/pokemon/336.0.png
337.0,Lunatone,Rock,Psychic,440.0,70.0,55.0,65.0,95.0,85.0,70.0,3.0,False,2.0,https://raw.githubusercontent.com/PokeAPI/sprites/master/sprites/pokemon/337.0.png
338.0,Solrock,Rock,Psychic,440.0,70.0,95.0,85.0,55.0,65.0,70.0,3.0,False,2.0,https://raw.githubusercontent.com/PokeAPI/sprites/master/sprites/pokemon/338.0.png
339.0,Barboach,Water,Ground,288.0,50.0,48.0,43.0,46.0,41.0,60.0,3.0,False,2.0,https://raw.githubusercontent.com/PokeAPI/sprites/master/sprites/pokemon/339.0.png
340.0,Whiscash,Water,Ground,468.0,110.0,78.0,73.0,76.0,71.0,60.0,3.0,False,2.0,https://raw.githubusercontent.com/PokeAPI/sprites/master/sprites/pokemon/340.0.png
341.0,Corphish,Water,,308.0,43.0,80.0,65.0,50.0,35.0,35.0,3.0,False,2.0,https://raw.githubusercontent.com/PokeAPI/sprites/master/sprites/pokemon/341.0.png
342.0,Crawdaunt,Water,Dark,468.0,63.0,120.0,85.0,90.0,55.0,55.0,3.0,False,2.0,https://raw.githubusercontent.com/PokeAPI/sprites/master/sprites/pokemon/342.0.png
343.0,Baltoy,Ground,Psychic,300.0,40.0,40.0,55.0,40.0,70.0,55.0,3.0,False,2.0,https://raw.githubusercontent.com/PokeAPI/sprites/master/sprites/pokemon/343.0.png
344.0,Claydol,Ground,Psychic,500.0,60.0,70.0,105.0,70.0,120.0,75.0,3.0,False,2.0,https://raw.githubusercontent.com/PokeAPI/sprites/master/sprites/pokemon/344.0.png
345.0,Lileep,Rock,Grass,355.0,66.0,41.0,77.0,61.0,87.0,23.0,3.0,False,2.0,https://raw.githubusercontent.com/PokeAPI/sprites/master/sprites/pokemon/345.0.png
346.0,Cradily,Rock,Grass,495.0,86.0,81.0,97.0,81.0,107.0,43.0,3.0,False,2.0,https://raw.githubusercontent.com/PokeAPI/sprites/master/sprites/pokemon/346.0.png
347.0,Anorith,Rock,Bug,355.0,45.0,95.0,50.0,40.0,50.0,75.0,3.0,False,2.0,https://raw.githubusercontent.com/PokeAPI/sprites/master/sprites/pokemon/347.0.png
348.0,Armaldo,Rock,Bug,495.0,75.0,125.0,100.0,70.0,80.0,45.0,3.0,False,2.0,https://raw.githubusercontent.com/PokeAPI/sprites/master/sprites/pokemon/348.0.png
349.0,Feebas,Water,,200.0,20.0,15.0,20.0,10.0,55.0,80.0,3.0,False,2.0,https://raw.githubusercontent.com/PokeAPI/sprites/master/sprites/pokemon/349.0.png
350.0,Milotic,Water,,540.0,95.0,60.0,79.0,100.0,125.0,81.0,3.0,False,2.0,https://raw.githubusercontent.com/PokeAPI/sprites/master/sprites/pokemon/350.0.png
351.0,Castform,Normal,,420.0,70.0,70.0,70.0,70.0,70.0,70.0,3.0,False,2.0,https://raw.githubusercontent.com/PokeAPI/sprites/master/sprites/pokemon/351.0.png
352.0,Kecleon,Normal,,440.0,60.0,90.0,70.0,60.0,120.0,40.0,3.0,False,2.0,https://raw.githubusercontent.com/PokeAPI/sprites/master/sprites/pokemon/352.0.png
353.0,Shuppet,Ghost,,295.0,44.0,75.0,35.0,63.0,33.0,45.0,3.0,False,2.0,https://raw.githubusercontent.com/PokeAPI/sprites/master/sprites/pokemon/353.0.png
354.0,Banette,Ghost,,455.0,64.0,115.0,65.0,83.0,63.0,65.0,3.0,False,2.0,https://raw.githubusercontent.com/PokeAPI/sprites/master/sprites/pokemon/354.0.png
354.0,BanetteMega Banette,Ghost,,555.0,64.0,165.0,75.0,93.0,83.0,75.0,3.0,False,4.0,https://raw.githubusercontent.com/PokeAPI/sprites/master/sprites/pokemon/354.0.png
355.0,Duskull,Ghost,,295.0,20.0,40.0,90.0,30.0,90.0,25.0,3.0,False,2.0,https://raw.githubusercontent.com/PokeAPI/sprites/master/sprites/pokemon/355.0.png
356.0,Dusclops,Ghost,,455.0,40.0,70.0,130.0,60.0,130.0,25.0,3.0,False,2.0,https://raw.githubusercontent.com/PokeAPI/sprites/master/sprites/pokemon/356.0.png
357.0,Tropius,Grass,Flying,460.0,99.0,68.0,83.0,72.0,87.0,51.0,3.0,False,2.0,https://raw.githubusercontent.com/PokeAPI/sprites/master/sprites/pokemon/357.0.png
358.0,Chimecho,Psychic,,425.0,65.0,50.0,70.0,95.0,80.0,65.0,3.0,False,2.0,https://raw.githubusercontent.com/PokeAPI/sprites/master/sprites/pokemon/358.0.png
359.0,Absol,Dark,,465.0,65.0,130.0,60.0,75.0,60.0,75.0,3.0,False,2.0,https://raw.githubusercontent.com/PokeAPI/sprites/master/sprites/pokemon/359.0.png
359.0,AbsolMega Absol,Dark,,565.0,65.0,150.0,60.0,115.0,60.0,115.0,3.0,False,4.0,https://raw.githubusercontent.com/PokeAPI/sprites/master/sprites/pokemon/359.0.png
360.0,Wynaut,Psychic,,260.0,95.0,23.0,48.0,23.0,48.0,23.0,3.0,False,1.0,https://raw.githubusercontent.com/PokeAPI/sprites/master/sprites/pokemon/360.0.png
361.0,Snorunt,Ice,,300.0,50.0,50.0,50.0,50.0,50.0,50.0,3.0,False,2.0,https://raw.githubusercontent.com/PokeAPI/sprites/master/sprites/pokemon/361.0.png
362.0,Glalie,Ice,,480.0,80.0,80.0,80.0,80.0,80.0,80.0,3.0,False,2.0,https://raw.githubusercontent.com/PokeAPI/sprites/master/sprites/pokemon/362.0.png
362.0,GlalieMega Glalie,Ice,,580.0,80.0,120.0,80.0,120.0,80.0,100.0,3.0,False,4.0,https://raw.githubusercontent.com/PokeAPI/sprites/master/sprites/pokemon/362.0.png
363.0,Spheal,Ice,Water,290.0,70.0,40.0,50.0,55.0,50.0,25.0,3.0,False,2.0,https://raw.githubusercontent.com/PokeAPI/sprites/master/sprites/pokemon/363.0.png
364.0,Sealeo,Ice,Water,410.0,90.0,60.0,70.0,75.0,70.0,45.0,3.0,False,2.0,https://raw.githubusercontent.com/PokeAPI/sprites/master/sprites/pokemon/364.0.png
365.0,Walrein,Ice,Water,530.0,110.0,80.0,90.0,95.0,90.0,65.0,3.0,False,2.0,https://raw.githubusercontent.com/PokeAPI/sprites/master/sprites/pokemon/365.0.png
366.0,Clamperl,Water,,345.0,35.0,64.0,85.0,74.0,55.0,32.0,3.0,False,2.0,https://raw.githubusercontent.com/PokeAPI/sprites/master/sprites/pokemon/366.0.png
367.0,Huntail,Water,,485.0,55.0,104.0,105.0,94.0,75.0,52.0,3.0,False,2.0,https://raw.githubusercontent.com/PokeAPI/sprites/master/sprites/pokemon/367.0.png
368.0,Gorebyss,Water,,485.0,55.0,84.0,105.0,114.0,75.0,52.0,3.0,False,2.0,https://raw.githubusercontent.com/PokeAPI/sprites/master/sprites/pokemon/368.0.png
369.0,Relicanth,Water,Rock,485.0,100.0,90.0,130.0,45.0,65.0,55.0,3.0,False,2.0,https://raw.githubusercontent.com/PokeAPI/sprites/master/sprites/pokemon/369.0.png
370.0,Luvdisc,Water,,330.0,43.0,30.0,55.0,40.0,65.0,97.0,3.0,False,2.0,https://raw.githubusercontent.com/PokeAPI/sprites/master/sprites/pokemon/370.0.png
371.0,Bagon,Dragon,,300.0,45.0,75.0,60.0,40.0,30.0,50.0,3.0,False,2.0,https://raw.githubusercontent.com/PokeAPI/sprites/master/sprites/pokemon/371.0.png
372.0,Shelgon,Dragon,,420.0,65.0,95.0,100.0,60.0,50.0,50.0,3.0,False,2.0,https://raw.githubusercontent.com/PokeAPI/sprites/master/sprites/pokemon/372.0.png
373.0,Salamence,Dragon,Flying,600.0,95.0,135.0,80.0,110.0,80.0,100.0,3.0,False,2.0,https://raw.githubusercontent.com/PokeAPI/sprites/master/sprites/pokemon/373.0.png
373.0,SalamenceMega Salamence,Dragon,Flying,700.0,95.0,145.0,130.0,120.0,90.0,120.0,3.0,False,4.0,https://raw.githubusercontent.com/PokeAPI/sprites/master/sprites/pokemon/373.0.png
374.0,Beldum,Steel,Psychic,300.0,40.0,55.0,80.0,35.0,60.0,30.0,3.0,False,2.0,https://raw.githubusercontent.com/PokeAPI/sprites/master/sprites/pokemon/374.0.png
375.0,Metang,Steel,Psychic,420.0,60.0,75.0,100.0,55.0,80.0,50.0,3.0,False,2.0,https://raw.githubusercontent.com/PokeAPI/sprites/master/sprites/pokemon/375.0.png
376.0,Metagross,Steel,Psychic,600.0,80.0,135.0,130.0,95.0,90.0,70.0,3.0,False,2.0,https://raw.githubusercontent.com/PokeAPI/sprites/master/sprites/pokemon/376.0.png
376.0,MetagrossMega Metagross,Steel,Psychic,700.0,80.0,145.0,150.0,105.0,110.0,110.0,3.0,False,4.0,https://raw.githubusercontent.com/PokeAPI/sprites/master/sprites/pokemon/376.0.png
377.0,Regirock,Rock,,580.0,80.0,100.0,200.0,50.0,100.0,50.0,3.0,True,2.0,https://raw.githubusercontent.com/PokeAPI/sprites/master/sprites/pokemon/377.0.png
378.0,Regice,Ice,,580.0,80.0,50.0,100.0,100.0,200.0,50.0,3.0,True,2.0,https://raw.githubusercontent.com/PokeAPI/sprites/master/sprites/pokemon/378.0.png
379.0,Registeel,Steel,,580.0,80.0,75.0,150.0,75.0,150.0,50.0,3.0,True,2.0,https://raw.githubusercontent.com/PokeAPI/sprites/master/sprites/pokemon/379.0.png
380.0,Latias,Dragon,Psychic,600.0,80.0,80.0,90.0,110.0,130.0,110.0,3.0,True,2.0,https://raw.githubusercontent.com/PokeAPI/sprites/master/sprites/pokemon/380.0.png
380.0,LatiasMega Latias,Dragon,Psychic,700.0,80.0,100.0,120.0,140.0,150.0,110.0,3.0,True,4.0,https://raw.githubusercontent.com/PokeAPI/sprites/master/sprites/pokemon/380.0.png
381.0,Latios,Dragon,Psychic,600.0,80.0,90.0,80.0,130.0,110.0,110.0,3.0,True,2.0,https://raw.githubusercontent.com/PokeAPI/sprites/master/sprites/pokemon/381.0.png
381.0,LatiosMega Latios,Dragon,Psychic,700.0,80.0,130.0,100.0,160.0,120.0,110.0,3.0,True,4.0,https://raw.githubusercontent.com/PokeAPI/sprites/master/sprites/pokemon/381.0.png
382.0,Kyogre,Water,,670.0,100.0,100.0,90.0,150.0,140.0,90.0,3.0,True,2.0,https://raw.githubusercontent.com/PokeAPI/sprites/master/sprites/pokemon/382.0.png
382.0,KyogrePrimal Kyogre,Water,,770.0,100.0,150.0,90.0,180.0,160.0,90.0,3.0,True,2.0,https://raw.githubusercontent.com/PokeAPI/sprites/master/sprites/pokemon/382.0.png
383.0,Groudon,Ground,,670.0,100.0,150.0,140.0,100.0,90.0,90.0,3.0,True,2.0,https://raw.githubusercontent.com/PokeAPI/sprites/master/sprites/pokemon/383.0.png
383.0,GroudonPrimal Groudon,Ground,Fire,770.0,100.0,180.0,160.0,150.0,90.0,90.0,3.0,True,2.0,https://raw.githubusercontent.com/PokeAPI/sprites/master/sprites/pokemon/383.0.png
384.0,Rayquaza,Dragon,Flying,680.0,105.0,150.0,90.0,150.0,90.0,95.0,3.0,True,2.0,https://raw.githubusercontent.com/PokeAPI/sprites/master/sprites/pokemon/384.0.png
384.0,RayquazaMega Rayquaza,Dragon,Flying,780.0,105.0,180.0,100.0,180.0,100.0,115.0,3.0,True,4.0,https://raw.githubusercontent.com/PokeAPI/sprites/master/sprites/pokemon/384.0.png
385.0,Jirachi,Steel,Psychic,600.0,100.0,100.0,100.0,100.0,100.0,100.0,3.0,True,2.0,https://raw.githubusercontent.com/PokeAPI/sprites/master/sprites/pokemon/385.0.png
386.0,DeoxysNormal Forme,Psychic,,600.0,50.0,150.0,50.0,150.0,50.0,150.0,3.0,True,2.0,https://raw.githubusercontent.com/PokeAPI/sprites/master/sprites/pokemon/386.0.png
386.0,DeoxysAttack Forme,Psychic,,600.0,50.0,180.0,20.0,180.0,20.0,150.0,3.0,True,2.0,https://raw.githubusercontent.com/PokeAPI/sprites/master/sprites/pokemon/386.0.png
386.0,DeoxysDefense Forme,Psychic,,600.0,50.0,70.0,160.0,70.0,160.0,90.0,3.0,True,2.0,https://raw.githubusercontent.com/PokeAPI/sprites/master/sprites/pokemon/386.0.png
386.0,DeoxysSpeed Forme,Psychic,,600.0,50.0,95.0,90.0,95.0,90.0,180.0,3.0,True,2.0,https://raw.githubusercontent.com/PokeAPI/sprites/master/sprites/pokemon/386.0.png
387.0,Turtwig,Grass,,318.0,55.0,68.0,64.0,45.0,55.0,31.0,4.0,False,2.0,https://raw.githubusercontent.com/PokeAPI/sprites/master/sprites/pokemon/387.0.png
388.0,Grotle,Grass,,405.0,75.0,89.0,85.0,55.0,65.0,36.0,4.0,False,2.0,https://raw.githubusercontent.com/PokeAPI/sprites/master/sprites/pokemon/388.0.png
389.0,Torterra,Grass,Ground,525.0,95.0,109.0,105.0,75.0,85.0,56.0,4.0,False,2.0,https://raw.githubusercontent.com/PokeAPI/sprites/master/sprites/pokemon/389.0.png
390.0,Chimchar,Fire,,309.0,44.0,58.0,44.0,58.0,44.0,61.0,4.0,False,2.0,https://raw.githubusercontent.com/PokeAPI/sprites/master/sprites/pokemon/390.0.png
391.0,Monferno,Fire,Fighting,405.0,64.0,78.0,52.0,78.0,52.0,81.0,4.0,False,2.0,https://raw.githubusercontent.com/PokeAPI/sprites/master/sprites/pokemon/391.0.png
392.0,Infernape,Fire,Fighting,534.0,76.0,104.0,71.0,104.0,71.0,108.0,4.0,False,2.0,https://raw.githubusercontent.com/PokeAPI/sprites/master/sprites/pokemon/392.0.png
393.0,Piplup,Water,,314.0,53.0,51.0,53.0,61.0,56.0,40.0,4.0,False,2.0,https://raw.githubusercontent.com/PokeAPI/sprites/master/sprites/pokemon/393.0.png
394.0,Prinplup,Water,,405.0,64.0,66.0,68.0,81.0,76.0,50.0,4.0,False,2.0,https://raw.githubusercontent.com/PokeAPI/sprites/master/sprites/pokemon/394.0.png
395.0,Empoleon,Water,Steel,530.0,84.0,86.0,88.0,111.0,101.0,60.0,4.0,False,2.0,https://raw.githubusercontent.com/PokeAPI/sprites/master/sprites/pokemon/395.0.png
396.0,Starly,Normal,Flying,245.0,40.0,55.0,30.0,30.0,30.0,60.0,4.0,False,2.0,https://raw.githubusercontent.com/PokeAPI/sprites/master/sprites/pokemon/396.0.png
397.0,Staravia,Normal,Flying,340.0,55.0,75.0,50.0,40.0,40.0,80.0,4.0,False,2.0,https://raw.githubusercontent.com/PokeAPI/sprites/master/sprites/pokemon/397.0.png
398.0,Staraptor,Normal,Flying,485.0,85.0,120.0,70.0,50.0,60.0,100.0,4.0,False,2.0,https://raw.githubusercontent.com/PokeAPI/sprites/master/sprites/pokemon/398.0.png
399.0,Bidoof,Normal,,250.0,59.0,45.0,40.0,35.0,40.0,31.0,4.0,False,2.0,https://raw.githubusercontent.com/PokeAPI/sprites/master/sprites/pokemon/399.0.png
400.0,Bibarel,Normal,Water,410.0,79.0,85.0,60.0,55.0,60.0,71.0,4.0,False,2.0,https://raw.githubusercontent.com/PokeAPI/sprites/master/sprites/pokemon/400.0.png
401.0,Kricketot,Bug,,194.0,37.0,25.0,41.0,25.0,41.0,25.0,4.0,False,2.0,https://raw.githubusercontent.com/PokeAPI/sprites/master/sprites/pokemon/401.0.png
402.0,Kricketune,Bug,,384.0,77.0,85.0,51.0,55.0,51.0,65.0,4.0,False,2.0,https://raw.githubusercontent.com/PokeAPI/sprites/master/sprites/pokemon/402.0.png
403.0,Shinx,Electric,,263.0,45.0,65.0,34.0,40.0,34.0,45.0,4.0,False,2.0,https://raw.githubusercontent.com/PokeAPI/sprites/master/sprites/pokemon/403.0.png
404.0,Luxio,Electric,,363.0,60.0,85.0,49.0,60.0,49.0,60.0,4.0,False,2.0,https://raw.githubusercontent.com/PokeAPI/sprites/master/sprites/pokemon/404.0.png
405.0,Luxray,Electric,,523.0,80.0,120.0,79.0,95.0,79.0,70.0,4.0,False,2.0,https://raw.githubusercontent.com/PokeAPI/sprites/master/sprites/pokemon/405.0.png
406.0,Budew,Grass,Poison,280.0,40.0,30.0,35.0,50.0,70.0,55.0,4.0,False,1.0,https://raw.githubusercontent.com/PokeAPI/sprites/master/sprites/pokemon/406.0.png
407.0,Roserade,Grass,Poison,515.0,60.0,70.0,65.0,125.0,105.0,90.0,4.0,False,3.0,https://raw.githubusercontent.com/PokeAPI/sprites/master/sprites/pokemon/407.0.png
408.0,Cranidos,Rock,,350.0,67.0,125.0,40.0,30.0,30.0,58.0,4.0,False,2.0,https://raw.githubusercontent.com/PokeAPI/sprites/master/sprites/pokemon/408.0.png
409.0,Rampardos,Rock,,495.0,97.0,165.0,60.0,65.0,50.0,58.0,4.0,False,2.0,https://raw.githubusercontent.com/PokeAPI/sprites/master/sprites/pokemon/409.0.png
410.0,Shieldon,Rock,Steel,350.0,30.0,42.0,118.0,42.0,88.0,30.0,4.0,False,2.0,https://raw.githubusercontent.com/PokeAPI/sprites/master/sprites/pokemon/410.0.png
411.0,Bastiodon,Rock,Steel,495.0,60.0,52.0,168.0,47.0,138.0,30.0,4.0,False,2.0,https://raw.githubusercontent.com/PokeAPI/sprites/master/sprites/pokemon/411.0.png
412.0,Burmy,Bug,,224.0,40.0,29.0,45.0,29.0,45.0,36.0,4.0,False,2.0,https://raw.githubusercontent.com/PokeAPI/sprites/master/sprites/pokemon/412.0.png
413.0,WormadamPlant Cloak,Bug,Grass,424.0,60.0,59.0,85.0,79.0,105.0,36.0,4.0,False,2.0,https://raw.githubusercontent.com/PokeAPI/sprites/master/sprites/pokemon/413.0.png
413.0,WormadamSandy Cloak,Bug,Ground,424.0,60.0,79.0,105.0,59.0,85.0,36.0,4.0,False,2.0,https://raw.githubusercontent.com/PokeAPI/sprites/master/sprites/pokemon/413.0.png
413.0,WormadamTrash Cloak,Bug,Steel,424.0,60.0,69.0,95.0,69.0,95.0,36.0,4.0,False,2.0,https://raw.githubusercontent.com/PokeAPI/sprites/master/sprites/pokemon/413.0.png
414.0,Mothim,Bug,Flying,424.0,70.0,94.0,50.0,94.0,50.0,66.0,4.0,False,2.0,https://raw.githubusercontent.com/PokeAPI/sprites/master/sprites/pokemon/414.0.png
415.0,Combee,Bug,Flying,244.0,30.0,30.0,42.0,30.0,42.0,70.0,4.0,False,2.0,https://raw.githubusercontent.com/PokeAPI/sprites/master/sprites/pokemon/415.0.png
416.0,Vespiquen,Bug,Flying,474.0,70.0,80.0,102.0,80.0,102.0,40.0,4.0,False,2.0,https://raw.githubusercontent.com/PokeAPI/sprites/master/sprites/pokemon/416.0.png
417.0,Pachirisu,Electric,,405.0,60.0,45.0,70.0,45.0,90.0,95.0,4.0,False,2.0,https://raw.githubusercontent.com/PokeAPI/sprites/master/sprites/pokemon/417.0.png
418.0,Buizel,Water,,330.0,55.0,65.0,35.0,60.0,30.0,85.0,4.0,False,2.0,https://raw.githubusercontent.com/PokeAPI/sprites/master/sprites/pokemon/418.0.png
419.0,Floatzel,Water,,495.0,85.0,105.0,55.0,85.0,50.0,115.0,4.0,False,2.0,https://raw.githubusercontent.com/PokeAPI/sprites/master/sprites/pokemon/419.0.png
420.0,Cherubi,Grass,,275.0,45.0,35.0,45.0,62.0,53.0,35.0,4.0,False,2.0,https://raw.githubusercontent.com/PokeAPI/sprites/master/sprites/pokemon/420.0.png
421.0,Cherrim,Grass,,450.0,70.0,60.0,70.0,87.0,78.0,85.0,4.0,False,2.0,https://raw.githubusercontent.com/PokeAPI/sprites/master/sprites/pokemon/421.0.png
422.0,Shellos,Water,,325.0,76.0,48.0,48.0,57.0,62.0,34.0,4.0,False,2.0,https://raw.githubusercontent.com/PokeAPI/sprites/master/sprites/pokemon/422.0.png
423.0,Gastrodon,Water,Ground,475.0,111.0,83.0,68.0,92.0,82.0,39.0,4.0,False,2.0,https://raw.githubusercontent.com/PokeAPI/sprites/master/sprites/pokemon/423.0.png
424.0,Ambipom,Normal,,482.0,75.0,100.0,66.0,60.0,66.0,115.0,4.0,False,2.0,https://raw.githubusercontent.com/PokeAPI/sprites/master/sprites/pokemon/424.0.png
425.0,Drifloon,Ghost,Flying,348.0,90.0,50.0,34.0,60.0,44.0,70.0,4.0,False,2.0,https://raw.githubusercontent.com/PokeAPI/sprites/master/sprites/pokemon/425.0.png
426.0,Drifblim,Ghost,Flying,498.0,150.0,80.0,44.0,90.0,54.0,80.0,4.0,False,2.0,https://raw.githubusercontent.com/PokeAPI/sprites/master/sprites/pokemon/426.0.png
427.0,Buneary,Normal,,350.0,55.0,66.0,44.0,44.0,56.0,85.0,4.0,False,2.0,https://raw.githubusercontent.com/PokeAPI/sprites/master/sprites/pokemon/427.0.png
428.0,Lopunny,Normal,,480.0,65.0,76.0,84.0,54.0,96.0,105.0,4.0,False,2.0,https://raw.githubusercontent.com/PokeAPI/sprites/master/sprites/pokemon/428.0.png
428.0,LopunnyMega Lopunny,Normal,Fighting,580.0,65.0,136.0,94.0,54.0,96.0,135.0,4.0,False,4.0,https://raw.githubusercontent.com/PokeAPI/sprites/master/sprites/pokemon/428.0.png
429.0,Mismagius,Ghost,,495.0,60.0,60.0,60.0,105.0,105.0,105.0,4.0,False,2.0,https://raw.githubusercontent.com/PokeAPI/sprites/master/sprites/pokemon/429.0.png
430.0,Honchkrow,Dark,Flying,505.0,100.0,125.0,52.0,105.0,52.0,71.0,4.0,False,2.0,https://raw.githubusercontent.com/PokeAPI/sprites/master/sprites/pokemon/430.0.png
431.0,Glameow,Normal,,310.0,49.0,55.0,42.0,42.0,37.0,85.0,4.0,False,2.0,https://raw.githubusercontent.com/PokeAPI/sprites/master/sprites/pokemon/431.0.png
432.0,Purugly,Normal,,452.0,71.0,82.0,64.0,64.0,59.0,112.0,4.0,False,2.0,https://raw.githubusercontent.com/PokeAPI/sprites/master/sprites/pokemon/432.0.png
433.0,Chingling,Psychic,,285.0,45.0,30.0,50.0,65.0,50.0,45.0,4.0,False,2.0,https://raw.githubusercontent.com/PokeAPI/sprites/master/sprites/pokemon/433.0.png
434.0,Stunky,Poison,Dark,329.0,63.0,63.0,47.0,41.0,41.0,74.0,4.0,False,2.0,https://raw.githubusercontent.com/PokeAPI/sprites/master/sprites/pokemon/434.0.png
435.0,Skuntank,Poison,Dark,479.0,103.0,93.0,67.0,71.0,61.0,84.0,4.0,False,2.0,https://raw.githubusercontent.com/PokeAPI/sprites/master/sprites/pokemon/435.0.png
436.0,Bronzor,Steel,Psychic,300.0,57.0,24.0,86.0,24.0,86.0,23.0,4.0,False,2.0,https://raw.githubusercontent.com/PokeAPI/sprites/master/sprites/pokemon/436.0.png
437.0,Bronzong,Steel,Psychic,500.0,67.0,89.0,116.0,79.0,116.0,33.0,4.0,False,2.0,https://raw.githubusercontent.com/PokeAPI/sprites/master/sprites/pokemon/437.0.png
438.0,Bonsly,Rock,,290.0,50.0,80.0,95.0,10.0,45.0,10.0,4.0,False,2.0,https://raw.githubusercontent.com/PokeAPI/sprites/master/sprites/pokemon/438.0.png
439.0,Mime Jr.,Psychic,Fairy,310.0,20.0,25.0,45.0,70.0,90.0,60.0,4.0,False,1.0,https://raw.githubusercontent.com/PokeAPI/sprites/master/sprites/pokemon/439.0.png
440.0,Happiny,Normal,,220.0,100.0,5.0,5.0,15.0,65.0,30.0,4.0,False,1.0,https://raw.githubusercontent.com/PokeAPI/sprites/master/sprites/pokemon/440.0.png
441.0,Chatot,Normal,Flying,411.0,76.0,65.0,45.0,92.0,42.0,91.0,4.0,False,2.0,https://raw.githubusercontent.com/PokeAPI/sprites/master/sprites/pokemon/441.0.png
442.0,Spiritomb,Ghost,Dark,485.0,50.0,92.0,108.0,92.0,108.0,35.0,4.0,False,2.0,https://raw.githubusercontent.com/PokeAPI/sprites/master/sprites/pokemon/442.0.png
443.0,Gible,Dragon,Ground,300.0,58.0,70.0,45.0,40.0,45.0,42.0,4.0,False,2.0,https://raw.githubusercontent.com/PokeAPI/sprites/master/sprites/pokemon/443.0.png
444.0,Gabite,Dragon,Ground,410.0,68.0,90.0,65.0,50.0,55.0,82.0,4.0,False,2.0,https://raw.githubusercontent.com/PokeAPI/sprites/master/sprites/pokemon/444.0.png
445.0,Garchomp,Dragon,Ground,600.0,108.0,130.0,95.0,80.0,85.0,102.0,4.0,False,2.0,https://raw.githubusercontent.com/PokeAPI/sprites/master/sprites/pokemon/445.0.png
445.0,GarchompMega Garchomp,Dragon,Ground,700.0,108.0,170.0,115.0,120.0,95.0,92.0,4.0,False,4.0,https://raw.githubusercontent.com/PokeAPI/sprites/master/sprites/pokemon/445.0.png
446.0,Munchlax,Normal,,390.0,135.0,85.0,40.0,40.0,85.0,5.0,4.0,False,1.0,https://raw.githubusercontent.com/PokeAPI/sprites/master/sprites/pokemon/446.0.png
447.0,Riolu,Fighting,,285.0,40.0,70.0,40.0,35.0,40.0,60.0,4.0,False,1.0,https://raw.githubusercontent.com/PokeAPI/sprites/master/sprites/pokemon/447.0.png
448.0,Lucario,Fighting,Steel,525.0,70.0,110.0,70.0,115.0,70.0,90.0,4.0,False,2.0,https://raw.githubusercontent.com/PokeAPI/sprites/master/sprites/pokemon/448.0.png
448.0,LucarioMega Lucario,Fighting,Steel,625.0,70.0,145.0,88.0,140.0,70.0,112.0,4.0,False,4.0,https://raw.githubusercontent.com/PokeAPI/sprites/master/sprites/pokemon/448.0.png
449.0,Hippopotas,Ground,,330.0,68.0,72.0,78.0,38.0,42.0,32.0,4.0,False,2.0,https://raw.githubusercontent.com/PokeAPI/sprites/master/sprites/pokemon/449.0.png
450.0,Hippowdon,Ground,,525.0,108.0,112.0,118.0,68.0,72.0,47.0,4.0,False,2.0,https://raw.githubusercontent.com/PokeAPI/sprites/master/sprites/pokemon/450.0.png
451.0,Skorupi,Poison,Bug,330.0,40.0,50.0,90.0,30.0,55.0,65.0,4.0,False,2.0,https://raw.githubusercontent.com/PokeAPI/sprites/master/sprites/pokemon/451.0.png
452.0,Drapion,Poison,Dark,500.0,70.0,90.0,110.0,60.0,75.0,95.0,4.0,False,2.0,https://raw.githubusercontent.com/PokeAPI/sprites/master/sprites/pokemon/452.0.png
453.0,Croagunk,Poison,Fighting,300.0,48.0,61.0,40.0,61.0,40.0,50.0,4.0,False,2.0,https://raw.githubusercontent.com/PokeAPI/sprites/master/sprites/pokemon/453.0.png
454.0,Toxicroak,Poison,Fighting,490.0,83.0,106.0,65.0,86.0,65.0,85.0,4.0,False,2.0,https://raw.githubusercontent.com/PokeAPI/sprites/master/sprites/pokemon/454.0.png
455.0,Carnivine,Grass,,454.0,74.0,100.0,72.0,90.0,72.0,46.0,4.0,False,2.0,https://raw.githubusercontent.com/PokeAPI/sprites/master/sprites/pokemon/455.0.png
456.0,Finneon,Water,,330.0,49.0,49.0,56.0,49.0,61.0,66.0,4.0,False,2.0,https://raw.githubusercontent.com/PokeAPI/sprites/master/sprites/pokemon/456.0.png
457.0,Lumineon,Water,,460.0,69.0,69.0,76.0,69.0,86.0,91.0,4.0,False,2.0,https://raw.githubusercontent.com/PokeAPI/sprites/master/sprites/pokemon/457.0.png
458.0,Mantyke,Water,Flying,345.0,45.0,20.0,50.0,60.0,120.0,50.0,4.0,False,1.0,https://raw.githubusercontent.com/PokeAPI/sprites/master/sprites/pokemon/458.0.png
459.0,Snover,Grass,Ice,334.0,60.0,62.0,50.0,62.0,60.0,40.0,4.0,False,2.0,https://raw.githubusercontent.com/PokeAPI/sprites/master/sprites/pokemon/459.0.png
460.0,Abomasnow,Grass,Ice,494.0,90.0,92.0,75.0,92.0,85.0,60.0,4.0,False,2.0,https://raw.githubusercontent.com/PokeAPI/sprites/master/sprites/pokemon/460.0.png
460.0,AbomasnowMega Abomasnow,Grass,Ice,594.0,90.0,132.0,105.0,132.0,105.0,30.0,4.0,False,4.0,https://raw.githubusercontent.com/PokeAPI/sprites/master/sprites/pokemon/460.0.png
461.0,Weavile,Dark,Ice,510.0,70.0,120.0,65.0,45.0,85.0,125.0,4.0,False,2.0,https://raw.githubusercontent.com/PokeAPI/sprites/master/sprites/pokemon/461.0.png
462.0,Magnezone,Electric,Steel,535.0,70.0,70.0,115.0,130.0,90.0,60.0,4.0,False,2.0,https://raw.githubusercontent.com/PokeAPI/sprites/master/sprites/pokemon/462.0.png
463.0,Lickilicky,Normal,,515.0,110.0,85.0,95.0,80.0,95.0,50.0,4.0,False,2.0,https://raw.githubusercontent.com/PokeAPI/sprites/master/sprites/pokemon/463.0.png
464.0,Rhyperior,Ground,Rock,535.0,115.0,140.0,130.0,55.0,55.0,40.0,4.0,False,2.0,https://raw.githubusercontent.com/PokeAPI/sprites/master/sprites/pokemon/464.0.png
465.0,Tangrowth,Grass,,535.0,100.0,100.0,125.0,110.0,50.0,50.0,4.0,False,2.0,https://raw.githubusercontent.com/PokeAPI/sprites/master/sprites/pokemon/465.0.png
466.0,Electivire,Electric,,540.0,75.0,123.0,67.0,95.0,85.0,95.0,4.0,False,3.0,https://raw.githubusercontent.com/PokeAPI/sprites/master/sprites/pokemon/466.0.png
467.0,Magmortar,Fire,,540.0,75.0,95.0,67.0,125.0,95.0,83.0,4.0,False,3.0,https://raw.githubusercontent.com/PokeAPI/sprites/master/sprites/pokemon/467.0.png
468.0,Togekiss,Fairy,Flying,545.0,85.0,50.0,95.0,120.0,115.0,80.0,4.0,False,3.0,https://raw.githubusercontent.com/PokeAPI/sprites/master/sprites/pokemon/468.0.png
469.0,Yanmega,Bug,Flying,515.0,86.0,76.0,86.0,116.0,56.0,95.0,4.0,False,3.0,https://raw.githubusercontent.com/PokeAPI/sprites/master/sprites/pokemon/469.0.png
470.0,Leafeon,Grass,,525.0,65.0,110.0,130.0,60.0,65.0,95.0,4.0,False,2.0,https://raw.githubusercontent.com/PokeAPI/sprites/master/sprites/pokemon/470.0.png
471.0,Glaceon,Ice,,525.0,65.0,60.0,110.0,130.0,95.0,65.0,4.0,False,2.0,https://raw.githubusercontent.com/PokeAPI/sprites/master/sprites/pokemon/471.0.png
472.0,Gliscor,Ground,Flying,510.0,75.0,95.0,125.0,45.0,75.0,95.0,4.0,False,2.0,https://raw.githubusercontent.com/PokeAPI/sprites/master/sprites/pokemon/472.0.png
473.0,Mamoswine,Ice,Ground,530.0,110.0,130.0,80.0,70.0,60.0,80.0,4.0,False,2.0,https://raw.githubusercontent.com/PokeAPI/sprites/master/sprites/pokemon/473.0.png
475.0,Gallade,Psychic,Fighting,518.0,68.0,125.0,65.0,65.0,115.0,80.0,4.0,False,2.0,https://raw.githubusercontent.com/PokeAPI/sprites/master/sprites/pokemon/475.0.png
475.0,GalladeMega Gallade,Psychic,Fighting,618.0,68.0,165.0,95.0,65.0,115.0,110.0,4.0,False,4.0,https://raw.githubusercontent.com/PokeAPI/sprites/master/sprites/pokemon/475.0.png
476.0,Probopass,Rock,Steel,525.0,60.0,55.0,145.0,75.0,150.0,40.0,4.0,False,2.0,https://raw.githubusercontent.com/PokeAPI/sprites/master/sprites/pokemon/476.0.png
477.0,Dusknoir,Ghost,,525.0,45.0,100.0,135.0,65.0,135.0,45.0,4.0,False,2.0,https://raw.githubusercontent.com/PokeAPI/sprites/master/sprites/pokemon/477.0.png
478.0,Froslass,Ice,Ghost,480.0,70.0,80.0,70.0,80.0,70.0,110.0,4.0,False,2.0,https://raw.githubusercontent.com/PokeAPI/sprites/master/sprites/pokemon/478.0.png
479.0,Rotom,Electric,Ghost,440.0,50.0,50.0,77.0,95.0,77.0,91.0,4.0,False,2.0,https://raw.githubusercontent.com/PokeAPI/sprites/master/sprites/pokemon/479.0.png
479.0,RotomHeat Rotom,Electric,Fire,520.0,50.0,65.0,107.0,105.0,107.0,86.0,4.0,False,2.0,https://raw.githubusercontent.com/PokeAPI/sprites/master/sprites/pokemon/479.0.png
479.0,RotomWash Rotom,Electric,Water,520.0,50.0,65.0,107.0,105.0,107.0,86.0,4.0,False,2.0,https://raw.githubusercontent.com/PokeAPI/sprites/master/sprites/pokemon/479.0.png
479.0,RotomFrost Rotom,Electric,Ice,520.0,50.0,65.0,107.0,105.0,107.0,86.0,4.0,False,2.0,https://raw.githubusercontent.com/PokeAPI/sprites/master/sprites/pokemon/479.0.png
479.0,RotomFan Rotom,Electric,Flying,520.0,50.0,65.0,107.0,105.0,107.0,86.0,4.0,False,2.0,https://raw.githubusercontent.com/PokeAPI/sprites/master/sprites/pokemon/479.0.png
479.0,RotomMow Rotom,Electric,Grass,520.0,50.0,65.0,107.0,105.0,107.0,86.0,4.0,False,2.0,https://raw.githubusercontent.com/PokeAPI/sprites/master/sprites/pokemon/479.0.png
480.0,Uxie,Psychic,,580.0,75.0,75.0,130.0,75.0,130.0,95.0,4.0,True,2.0,https://raw.githubusercontent.com/PokeAPI/sprites/master/sprites/pokemon/480.0.png
481.0,Mesprit,Psychic,,580.0,80.0,105.0,105.0,105.0,105.0,80.0,4.0,True,2.0,https://raw.githubusercontent.com/PokeAPI/sprites/master/sprites/pokemon/481.0.png
482.0,Azelf,Psychic,,580.0,75.0,125.0,70.0,125.0,70.0,115.0,4.0,True,2.0,https://raw.githubusercontent.com/PokeAPI/sprites/master/sprites/pokemon/482.0.png
483.0,Dialga,Steel,Dragon,680.0,100.0,120.0,120.0,150.0,100.0,90.0,4.0,True,2.0,https://raw.githubusercontent.com/PokeAPI/sprites/master/sprites/pokemon/483.0.png
484.0,Palkia,Water,Dragon,680.0,90.0,120.0,100.0,150.0,120.0,100.0,4.0,True,2.0,https://raw.githubusercontent.com/PokeAPI/sprites/master/sprites/pokemon/484.0.png
485.0,Heatran,Fire,Steel,600.0,91.0,90.0,106.0,130.0,106.0,77.0,4.0,True,2.0,https://raw.githubusercontent.com/PokeAPI/sprites/master/sprites/pokemon/485.0.png
486.0,Regigigas,Normal,,670.0,110.0,160.0,110.0,80.0,110.0,100.0,4.0,True,2.0,https://raw.githubusercontent.com/PokeAPI/sprites/master/sprites/pokemon/486.0.png
487.0,GiratinaAltered Forme,Ghost,Dragon,680.0,150.0,100.0,120.0,100.0,120.0,90.0,4.0,True,2.0,https://raw.githubusercontent.com/PokeAPI/sprites/master/sprites/pokemon/487.0.png
487.0,GiratinaOrigin Forme,Ghost,Dragon,680.0,150.0,120.0,100.0,120.0,100.0,90.0,4.0,True,2.0,https://raw.githubusercontent.com/PokeAPI/sprites/master/sprites/pokemon/487.0.png
488.0,Cresselia,Psychic,,600.0,120.0,70.0,120.0,75.0,130.0,85.0,4.0,False,2.0,https://raw.githubusercontent.com/PokeAPI/sprites/master/sprites/pokemon/488.0.png
489.0,Phione,Water,,480.0,80.0,80.0,80.0,80.0,80.0,80.0,4.0,False,2.0,https://raw.githubusercontent.com/PokeAPI/sprites/master/sprites/pokemon/489.0.png
490.0,Manaphy,Water,,600.0,100.0,100.0,100.0,100.0,100.0,100.0,4.0,False,2.0,https://raw.githubusercontent.com/PokeAPI/sprites/master/sprites/pokemon/490.0.png
491.0,Darkrai,Dark,,600.0,70.0,90.0,90.0,135.0,90.0,125.0,4.0,True,2.0,https://raw.githubusercontent.com/PokeAPI/sprites/master/sprites/pokemon/491.0.png
492.0,ShayminLand Forme,Grass,,600.0,100.0,100.0,100.0,100.0,100.0,100.0,4.0,True,2.0,https://raw.githubusercontent.com/PokeAPI/sprites/master/sprites/pokemon/492.0.png
492.0,ShayminSky Forme,Grass,Flying,600.0,100.0,103.0,75.0,120.0,75.0,127.0,4.0,True,2.0,https://raw.githubusercontent.com/PokeAPI/sprites/master/sprites/pokemon/492.0.png
493.0,Arceus,Normal,,720.0,120.0,120.0,120.0,120.0,120.0,120.0,4.0,True,2.0,https://raw.githubusercontent.com/PokeAPI/sprites/master/sprites/pokemon/493.0.png
494.0,Victini,Psychic,Fire,600.0,100.0,100.0,100.0,100.0,100.0,100.0,5.0,True,2.0,https://raw.githubusercontent.com/PokeAPI/sprites/master/sprites/pokemon/494.0.png
495.0,Snivy,Grass,,308.0,45.0,45.0,55.0,45.0,55.0,63.0,5.0,False,2.0,https://raw.githubusercontent.com/PokeAPI/sprites/master/sprites/pokemon/495.0.png
496.0,Servine,Grass,,413.0,60.0,60.0,75.0,60.0,75.0,83.0,5.0,False,2.0,https://raw.githubusercontent.com/PokeAPI/sprites/master/sprites/pokemon/496.0.png
497.0,Serperior,Grass,,528.0,75.0,75.0,95.0,75.0,95.0,113.0,5.0,False,2.0,https://raw.githubusercontent.com/PokeAPI/sprites/master/sprites/pokemon/497.0.png
498.0,Tepig,Fire,,308.0,65.0,63.0,45.0,45.0,45.0,45.0,5.0,False,2.0,https://raw.githubusercontent.com/PokeAPI/sprites/master/sprites/pokemon/498.0.png
499.0,Pignite,Fire,Fighting,418.0,90.0,93.0,55.0,70.0,55.0,55.0,5.0,False,2.0,https://raw.githubusercontent.com/PokeAPI/sprites/master/sprites/pokemon/499.0.png
500.0,Emboar,Fire,Fighting,528.0,110.0,123.0,65.0,100.0,65.0,65.0,5.0,False,2.0,https://raw.githubusercontent.com/PokeAPI/sprites/master/sprites/pokemon/500.0.png
501.0,Oshawott,Water,,308.0,55.0,55.0,45.0,63.0,45.0,45.0,5.0,False,2.0,https://raw.githubusercontent.com/PokeAPI/sprites/master/sprites/pokemon/501.0.png
502.0,Dewott,Water,,413.0,75.0,75.0,60.0,83.0,60.0,60.0,5.0,False,2.0,https://raw.githubusercontent.com/PokeAPI/sprites/master/sprites/pokemon/502.0.png
503.0,Samurott,Water,,528.0,95.0,100.0,85.0,108.0,70.0,70.0,5.0,False,2.0,https://raw.githubusercontent.com/PokeAPI/sprites/master/sprites/pokemon/503.0.png
504.0,Patrat,Normal,,255.0,45.0,55.0,39.0,35.0,39.0,42.0,5.0,False,2.0,https://raw.githubusercontent.com/PokeAPI/sprites/master/sprites/pokemon/504.0.png
505.0,Watchog,Normal,,420.0,60.0,85.0,69.0,60.0,69.0,77.0,5.0,False,2.0,https://raw.githubusercontent.com/PokeAPI/sprites/master/sprites/pokemon/505.0.png
506.0,Lillipup,Normal,,275.0,45.0,60.0,45.0,25.0,45.0,55.0,5.0,False,2.0,https://raw.githubusercontent.com/PokeAPI/sprites/master/sprites/pokemon/506.0.png
507.0,Herdier,Normal,,370.0,65.0,80.0,65.0,35.0,65.0,60.0,5.0,False,2.0,https://raw.githubusercontent.com/PokeAPI/sprites/master/sprites/pokemon/507.0.png
508.0,Stoutland,Normal,,500.0,85.0,110.0,90.0,45.0,90.0,80.0,5.0,False,2.0,https://raw.githubusercontent.com/PokeAPI/sprites/master/sprites/pokemon/508.0.png
509.0,Purrloin,Dark,,281.0,41.0,50.0,37.0,50.0,37.0,66.0,5.0,False,2.0,https://raw.githubusercontent.com/PokeAPI/sprites/master/sprites/pokemon/509.0.png
510.0,Liepard,Dark,,446.0,64.0,88.0,50.0,88.0,50.0,106.0,5.0,False,2.0,https://raw.githubusercontent.com/PokeAPI/sprites/master/sprites/pokemon/510.0.png
511.0,Pansage,Grass,,316.0,50.0,53.0,48.0,53.0,48.0,64.0,5.0,False,2.0,https://raw.githubusercontent.com/PokeAPI/sprites/master/sprites/pokemon/511.0.png
512.0,Simisage,Grass,,498.0,75.0,98.0,63.0,98.0,63.0,101.0,5.0,False,2.0,https://raw.githubusercontent.com/PokeAPI/sprites/master/sprites/pokemon/512.0.png
513.0,Pansear,Fire,,316.0,50.0,53.0,48.0,53.0,48.0,64.0,5.0,False,2.0,https://raw.githubusercontent.com/PokeAPI/sprites/master/sprites/pokemon/513.0.png
514.0,Simisear,Fire,,498.0,75.0,98.0,63.0,98.0,63.0,101.0,5.0,False,2.0,https://raw.githubusercontent.com/PokeAPI/sprites/master/sprites/pokemon/514.0.png
515.0,Panpour,Water,,316.0,50.0,53.0,48.0,53.0,48.0,64.0,5.0,False,2.0,https://raw.githubusercontent.com/PokeAPI/sprites/master/sprites/pokemon/515.0.png
516.0,Simipour,Water,,498.0,75.0,98.0,63.0,98.0,63.0,101.0,5.0,False,2.0,https://raw.githubusercontent.com/PokeAPI/sprites/master/sprites/pokemon/516.0.png
517.0,Munna,Psychic,,292.0,76.0,25.0,45.0,67.0,55.0,24.0,5.0,False,2.0,https://raw.githubusercontent.com/PokeAPI/sprites/master/sprites/pokemon/517.0.png
518.0,Musharna,Psychic,,487.0,116.0,55.0,85.0,107.0,95.0,29.0,5.0,False,2.0,https://raw.githubusercontent.com/PokeAPI/sprites/master/sprites/pokemon/518.0.png
519.0,Pidove,Normal,Flying,264.0,50.0,55.0,50.0,36.0,30.0,43.0,5.0,False,2.0,https://raw.githubusercontent.com/PokeAPI/sprites/master/sprites/pokemon/519.0.png
520.0,Tranquill,Normal,Flying,358.0,62.0,77.0,62.0,50.0,42.0,65.0,5.0,False,2.0,https://raw.githubusercontent.com/PokeAPI/sprites/master/sprites/pokemon/520.0.png
521.0,Unfezant,Normal,Flying,488.0,80.0,115.0,80.0,65.0,55.0,93.0,5.0,False,2.0,https://raw.githubusercontent.com/PokeAPI/sprites/master/sprites/pokemon/521.0.png
522.0,Blitzle,Electric,,295.0,45.0,60.0,32.0,50.0,32.0,76.0,5.0,False,2.0,https://raw.githubusercontent.com/PokeAPI/sprites/master/sprites/pokemon/522.0.png
523.0,Zebstrika,Electric,,497.0,75.0,100.0,63.0,80.0,63.0,116.0,5.0,False,2.0,https://raw.githubusercontent.com/PokeAPI/sprites/master/sprites/pokemon/523.0.png
524.0,Roggenrola,Rock,,280.0,55.0,75.0,85.0,25.0,25.0,15.0,5.0,False,2.0,https://raw.githubusercontent.com/PokeAPI/sprites/master/sprites/pokemon/524.0.png
525.0,Boldore,Rock,,390.0,70.0,105.0,105.0,50.0,40.0,20.0,5.0,False,2.0,https://raw.githubusercontent.com/PokeAPI/sprites/master/sprites/pokemon/525.0.png
526.0,Gigalith,Rock,,515.0,85.0,135.0,130.0,60.0,80.0,25.0,5.0,False,2.0,https://raw.githubusercontent.com/PokeAPI/sprites/master/sprites/pokemon/526.0.png
527.0,Woobat,Psychic,Flying,313.0,55.0,45.0,43.0,55.0,43.0,72.0,5.0,False,2.0,https://raw.githubusercontent.com/PokeAPI/sprites/master/sprites/pokemon/527.0.png
528.0,Swoobat,Psychic,Flying,425.0,67.0,57.0,55.0,77.0,55.0,114.0,5.0,False,2.0,https://raw.githubusercontent.com/PokeAPI/sprites/master/sprites/pokemon/528.0.png
529.0,Drilbur,Ground,,328.0,60.0,85.0,40.0,30.0,45.0,68.0,5.0,False,2.0,https://raw.githubusercontent.com/PokeAPI/sprites/master/sprites/pokemon/529.0.png
530.0,Excadrill,Ground,Steel,508.0,110.0,135.0,60.0,50.0,65.0,88.0,5.0,False,2.0,https://raw.githubusercontent.com/PokeAPI/sprites/master/sprites/pokemon/530.0.png
531.0,Audino,Normal,,445.0,103.0,60.0,86.0,60.0,86.0,50.0,5.0,False,2.0,https://raw.githubusercontent.com/PokeAPI/sprites/master/sprites/pokemon/531.0.png
531.0,AudinoMega Audino,Normal,Fairy,545.0,103.0,60.0,126.0,80.0,126.0,50.0,5.0,False,4.0,https://raw.githubusercontent.com/PokeAPI/sprites/master/sprites/pokemon/531.0.png
532.0,Timburr,Fighting,,305.0,75.0,80.0,55.0,25.0,35.0,35.0,5.0,False,2.0,https://raw.githubusercontent.com/PokeAPI/sprites/master/sprites/pokemon/532.0.png
533.0,Gurdurr,Fighting,,405.0,85.0,105.0,85.0,40.0,50.0,40.0,5.0,False,2.0,https://raw.githubusercontent.com/PokeAPI/sprites/master/sprites/pokemon/533.0.png
534.0,Conkeldurr,Fighting,,505.0,105.0,140.0,95.0,55.0,65.0,45.0,5.0,False,2.0,https://raw.githubusercontent.com/PokeAPI/sprites/master/sprites/pokemon/534.0.png
535.0,Tympole,Water,,294.0,50.0,50.0,40.0,50.0,40.0,64.0,5.0,False,2.0,https://raw.githubusercontent.com/PokeAPI/sprites/master/sprites/pokemon/535.0.png
536.0,Palpitoad,Water,Ground,384.0,75.0,65.0,55.0,65.0,55.0,69.0,5.0,False,2.0,https://raw.githubusercontent.com/PokeAPI/sprites/master/sprites/pokemon/536.0.png
537.0,Seismitoad,Water,Ground,509.0,105.0,95.0,75.0,85.0,75.0,74.0,5.0,False,2.0,https://raw.githubusercontent.com/PokeAPI/sprites/master/sprites/pokemon/537.0.png
538.0,Throh,Fighting,,465.0,120.0,100.0,85.0,30.0,85.0,45.0,5.0,False,2.0,https://raw.githubusercontent.com/PokeAPI/sprites/master/sprites/pokemon/538.0.png
539.0,Sawk,Fighting,,465.0,75.0,125.0,75.0,30.0,75.0,85.0,5.0,False,2.0,https://raw.githubusercontent.com/PokeAPI/sprites/master/sprites/pokemon/539.0.png
540.0,Sewaddle,Bug,Grass,310.0,45.0,53.0,70.0,40.0,60.0,42.0,5.0,False,2.0,https://raw.githubusercontent.com/PokeAPI/sprites/master/sprites/pokemon/540.0.png
541.0,Swadloon,Bug,Grass,380.0,55.0,63.0,90.0,50.0,80.0,42.0,5.0,False,2.0,https://raw.githubusercontent.com/PokeAPI/sprites/master/sprites/pokemon/541.0.png
542.0,Leavanny,Bug,Grass,500.0,75.0,103.0,80.0,70.0,80.0,92.0,5.0,False,2.0,https://raw.githubusercontent.com/PokeAPI/sprites/master/sprites/pokemon/542.0.png
543.0,Venipede,Bug,Poison,260.0,30.0,45.0,59.0,30.0,39.0,57.0,5.0,False,2.0,https://raw.githubusercontent.com/PokeAPI/sprites/master/sprites/pokemon/543.0.png
544.0,Whirlipede,Bug,Poison,360.0,40.0,55.0,99.0,40.0,79.0,47.0,5.0,False,2.0,https://raw.githubusercontent.com/PokeAPI/sprites/master/sprites/pokemon/544.0.png
545.0,Scolipede,Bug,Poison,485.0,60.0,100.0,89.0,55.0,69.0,112.0,5.0,False,2.0,https://raw.githubusercontent.com/PokeAPI/sprites/master/sprites/pokemon/545.0.png
546.0,Cottonee,Grass,Fairy,280.0,40.0,27.0,60.0,37.0,50.0,66.0,5.0,False,2.0,https://raw.githubusercontent.com/PokeAPI/sprites/master/sprites/pokemon/546.0.png
547.0,Whimsicott,Grass,Fairy,480.0,60.0,67.0,85.0,77.0,75.0,116.0,5.0,False,2.0,https://raw.githubusercontent.com/PokeAPI/sprites/master/sprites/pokemon/547.0.png
548.0,Petilil,Grass,,280.0,45.0,35.0,50.0,70.0,50.0,30.0,5.0,False,2.0,https://raw.githubusercontent.com/PokeAPI/sprites/master/sprites/pokemon/548.0.png
549.0,Lilligant,Grass,,480.0,70.0,60.0,75.0,110.0,75.0,90.0,5.0,False,2.0,https://raw.githubusercontent.com/PokeAPI/sprites/master/sprites/pokemon/549.0.png
550.0,Basculin,Water,,460.0,70.0,92.0,65.0,80.0,55.0,98.0,5.0,False,2.0,https://raw.githubusercontent.com/PokeAPI/sprites/master/sprites/pokemon/550.0.png
551.0,Sandile,Ground,Dark,292.0,50.0,72.0,35.0,35.0,35.0,65.0,5.0,False,2.0,https://raw.githubusercontent.com/PokeAPI/sprites/master/sprites/pokemon/551.0.png
552.0,Krokorok,Ground,Dark,351.0,60.0,82.0,45.0,45.0,45.0,74.0,5.0,False,2.0,https://raw.githubusercontent.com/PokeAPI/sprites/master/sprites/pokemon/552.0.png
553.0,Krookodile,Ground,Dark,519.0,95.0,117.0,80.0,65.0,70.0,92.0,5.0,False,2.0,https://raw.githubusercontent.com/PokeAPI/sprites/master/sprites/pokemon/553.0.png
554.0,Darumaka,Fire,,315.0,70.0,90.0,45.0,15.0,45.0,50.0,5.0,False,2.0,https://raw.githubusercontent.com/PokeAPI/sprites/master/sprites/pokemon/554.0.png
555.0,DarmanitanStandard Mode,Fire,,480.0,105.0,140.0,55.0,30.0,55.0,95.0,5.0,False,2.0,https://raw.githubusercontent.com/PokeAPI/sprites/master/sprites/pokemon/555.0.png
555.0,DarmanitanZen Mode,Fire,Psychic,540.0,105.0,30.0,105.0,140.0,105.0,55.0,5.0,False,2.0,https://raw.githubusercontent.com/PokeAPI/sprites/master/sprites/pokemon/555.0.png
556.0,Maractus,Grass,,461.0,75.0,86.0,67.0,106.0,67.0,60.0,5.0,False,2.0,https://raw.githubusercontent.com/PokeAPI/sprites/master/sprites/pokemon/556.0.png
557.0,Dwebble,Bug,Rock,325.0,50.0,65.0,85.0,35.0,35.0,55.0,5.0,False,2.0,https://raw.githubusercontent.com/PokeAPI/sprites/master/sprites/pokemon/557.0.png
558.0,Crustle,Bug,Rock,475.0,70.0,95.0,125.0,65.0,75.0,45.0,5.0,False,2.0,https://raw.githubusercontent.com/PokeAPI/sprites/master/sprites/pokemon/558.0.png
559.0,Scraggy,Dark,Fighting,348.0,50.0,75.0,70.0,35.0,70.0,48.0,5.0,False,2.0,https://raw.githubusercontent.com/PokeAPI/sprites/master/sprites/pokemon/559.0.png
560.0,Scrafty,Dark,Fighting,488.0,65.0,90.0,115.0,45.0,115.0,58.0,5.0,False,2.0,https://raw.githubusercontent.com/PokeAPI/sprites/master/sprites/pokemon/560.0.png
561.0,Sigilyph,Psychic,Flying,490.0,72.0,58.0,80.0,103.0,80.0,97.0,5.0,False,2.0,https://raw.githubusercontent.com/PokeAPI/sprites/master/sprites/pokemon/561.0.png
562.0,Yamask,Ghost,,303.0,38.0,30.0,85.0,55.0,65.0,30.0,5.0,False,2.0,https://raw.githubusercontent.com/PokeAPI/sprites/master/sprites/pokemon/562.0.png
563.0,Cofagrigus,Ghost,,483.0,58.0,50.0,145.0,95.0,105.0,30.0,5.0,False,2.0,https://raw.githubusercontent.com/PokeAPI/sprites/master/sprites/pokemon/563.0.png
564.0,Tirtouga,Water,Rock,355.0,54.0,78.0,103.0,53.0,45.0,22.0,5.0,False,2.0,https://raw.githubusercontent.com/PokeAPI/sprites/master/sprites/pokemon/564.0.png
565.0,Carracosta,Water,Rock,495.0,74.0,108.0,133.0,83.0,65.0,32.0,5.0,False,2.0,https://raw.githubusercontent.com/PokeAPI/sprites/master/sprites/pokemon/565.0.png
566.0,Archen,Rock,Flying,401.0,55.0,112.0,45.0,74.0,45.0,70.0,5.0,False,2.0,https://raw.githubusercontent.com/PokeAPI/sprites/master/sprites/pokemon/566.0.png
567.0,Archeops,Rock,Flying,567.0,75.0,140.0,65.0,112.0,65.0,110.0,5.0,False,2.0,https://raw.githubusercontent.com/PokeAPI/sprites/master/sprites/pokemon/567.0.png
568.0,Trubbish,Poison,,329.0,50.0,50.0,62.0,40.0,62.0,65.0,5.0,False,2.0,https://raw.githubusercontent.com/PokeAPI/sprites/master/sprites/pokemon/568.0.png
569.0,Garbodor,Poison,,474.0,80.0,95.0,82.0,60.0,82.0,75.0,5.0,False,2.0,https://raw.githubusercontent.com/PokeAPI/sprites/master/sprites/pokemon/569.0.png
570.0,Zorua,Dark,,330.0,40.0,65.0,40.0,80.0,40.0,65.0,5.0,False,2.0,https://raw.githubusercontent.com/PokeAPI/sprites/master/sprites/pokemon/570.0.png
571.0,Zoroark,Dark,,510.0,60.0,105.0,60.0,120.0,60.0,105.0,5.0,False,2.0,https://raw.githubusercontent.com/PokeAPI/sprites/master/sprites/pokemon/571.0.png
572.0,Minccino,Normal,,300.0,55.0,50.0,40.0,40.0,40.0,75.0,5.0,False,2.0,https://raw.githubusercontent.com/PokeAPI/sprites/master/sprites/pokemon/572.0.png
573.0,Cinccino,Normal,,470.0,75.0,95.0,60.0,65.0,60.0,115.0,5.0,False,2.0,https://raw.githubusercontent.com/PokeAPI/sprites/master/sprites/pokemon/573.0.png
574.0,Gothita,Psychic,,290.0,45.0,30.0,50.0,55.0,65.0,45.0,5.0,False,2.0,https://raw.githubusercontent.com/PokeAPI/sprites/master/sprites/pokemon/574.0.png
575.0,Gothorita,Psychic,,390.0,60.0,45.0,70.0,75.0,85.0,55.0,5.0,False,2.0,https://raw.githubusercontent.com/PokeAPI/sprites/master/sprites/pokemon/575.0.png
576.0,Gothitelle,Psychic,,490.0,70.0,55.0,95.0,95.0,110.0,65.0,5.0,False,2.0,https://raw.githubusercontent.com/PokeAPI/sprites/master/sprites/pokemon/576.0.png
577.0,Solosis,Psychic,,290.0,45.0,30.0,40.0,105.0,50.0,20.0,5.0,False,2.0,https://raw.githubusercontent.com/PokeAPI/sprites/master/sprites/pokemon/577.0.png
578.0,Duosion,Psychic,,370.0,65.0,40.0,50.0,125.0,60.0,30.0,5.0,False,2.0,https://raw.githubusercontent.com/PokeAPI/sprites/master/sprites/pokemon/578.0.png
579.0,Reuniclus,Psychic,,490.0,110.0,65.0,75.0,125.0,85.0,30.0,5.0,False,2.0,https://raw.githubusercontent.com/PokeAPI/sprites/master/sprites/pokemon/579.0.png
580.0,Ducklett,Water,Flying,305.0,62.0,44.0,50.0,44.0,50.0,55.0,5.0,False,2.0,https://raw.githubusercontent.com/PokeAPI/sprites/master/sprites/pokemon/580.0.png
581.0,Swanna,Water,Flying,473.0,75.0,87.0,63.0,87.0,63.0,98.0,5.0,False,2.0,https://raw.githubusercontent.com/PokeAPI/sprites/master/sprites/pokemon/581.0.png
582.0,Vanillite,Ice,,305.0,36.0,50.0,50.0,65.0,60.0,44.0,5.0,False,2.0,https://raw.githubusercontent.com/PokeAPI/sprites/master/sprites/pokemon/582.0.png
583.0,Vanillish,Ice,,395.0,51.0,65.0,65.0,80.0,75.0,59.0,5.0,False,2.0,https://raw.githubusercontent.com/PokeAPI/sprites/master/sprites/pokemon/583.0.png
584.0,Vanilluxe,Ice,,535.0,71.0,95.0,85.0,110.0,95.0,79.0,5.0,False,2.0,https://raw.githubusercontent.com/PokeAPI/sprites/master/sprites/pokemon/584.0.png
585.0,Deerling,Normal,Grass,335.0,60.0,60.0,50.0,40.0,50.0,75.0,5.0,False,2.0,https://raw.githubusercontent.com/PokeAPI/sprites/master/sprites/pokemon/585.0.png
586.0,Sawsbuck,Normal,Grass,475.0,80.0,100.0,70.0,60.0,70.0,95.0,5.0,False,2.0,https://raw.githubusercontent.com/PokeAPI/sprites/master/sprites/pokemon/586.0.png
587.0,Emolga,Electric,Flying,428.0,55.0,75.0,60.0,75.0,60.0,103.0,5.0,False,2.0,https://raw.githubusercontent.com/PokeAPI/sprites/master/sprites/pokemon/587.0.png
588.0,Karrablast,Bug,,315.0,50.0,75.0,45.0,40.0,45.0,60.0,5.0,False,2.0,https://raw.githubusercontent.com/PokeAPI/sprites/master/sprites/pokemon/588.0.png
589.0,Escavalier,Bug,Steel,495.0,70.0,135.0,105.0,60.0,105.0,20.0,5.0,False,2.0,https://raw.githubusercontent.com/PokeAPI/sprites/master/sprites/pokemon/589.0.png
590.0,Foongus,Grass,Poison,294.0,69.0,55.0,45.0,55.0,55.0,15.0,5.0,False,2.0,https://raw.githubusercontent.com/PokeAPI/sprites/master/sprites/pokemon/590.0.png
591.0,Amoonguss,Grass,Poison,464.0,114.0,85.0,70.0,85.0,80.0,30.0,5.0,False,2.0,https://raw.githubusercontent.com/PokeAPI/sprites/master/sprites/pokemon/591.0.png
592.0,Frillish,Water,Ghost,335.0,55.0,40.0,50.0,65.0,85.0,40.0,5.0,False,2.0,https://raw.githubusercontent.com/PokeAPI/sprites/master/sprites/pokemon/592.0.png
593.0,Jellicent,Water,Ghost,480.0,100.0,60.0,70.0,85.0,105.0,60.0,5.0,False,2.0,https://raw.githubusercontent.com/PokeAPI/sprites/master/sprites/pokemon/593.0.png
594.0,Alomomola,Water,,470.0,165.0,75.0,80.0,40.0,45.0,65.0,5.0,False,2.0,https://raw.githubusercontent.com/PokeAPI/sprites/master/sprites/pokemon/594.0.png
595.0,Joltik,Bug,Electric,319.0,50.0,47.0,50.0,57.0,50.0,65.0,5.0,False,2.0,https://raw.githubusercontent.com/PokeAPI/sprites/master/sprites/pokemon/595.0.png
596.0,Galvantula,Bug,Electric,472.0,70.0,77.0,60.0,97.0,60.0,108.0,5.0,False,2.0,https://raw.githubusercontent.com/PokeAPI/sprites/master/sprites/pokemon/596.0.png
597.0,Ferroseed,Grass,Steel,305.0,44.0,50.0,91.0,24.0,86.0,10.0,5.0,False,2.0,https://raw.githubusercontent.com/PokeAPI/sprites/master/sprites/pokemon/597.0.png
598.0,Ferrothorn,Grass,Steel,489.0,74.0,94.0,131.0,54.0,116.0,20.0,5.0,False,2.0,https://raw.githubusercontent.com/PokeAPI/sprites/master/sprites/pokemon/598.0.png
599.0,Klink,Steel,,300.0,40.0,55.0,70.0,45.0,60.0,30.0,5.0,False,2.0,https://raw.githubusercontent.com/PokeAPI/sprites/master/sprites/pokemon/599.0.png
600.0,Klang,Steel,,440.0,60.0,80.0,95.0,70.0,85.0,50.0,5.0,False,2.0,https://raw.githubusercontent.com/PokeAPI/sprites/master/sprites/pokemon/600.0.png
601.0,Klinklang,Steel,,520.0,60.0,100.0,115.0,70.0,85.0,90.0,5.0,False,2.0,https://raw.githubusercontent.com/PokeAPI/sprites/master/sprites/pokemon/601.0.png
602.0,Tynamo,Electric,,275.0,35.0,55.0,40.0,45.0,40.0,60.0,5.0,False,2.0,https://raw.githubusercontent.com/PokeAPI/sprites/master/sprites/pokemon/602.0.png
603.0,Eelektrik,Electric,,405.0,65.0,85.0,70.0,75.0,70.0,40.0,5.0,False,2.0,https://raw.githubusercontent.com/PokeAPI/sprites/master/sprites/pokemon/603.0.png
604.0,Eelektross,Electric,,515.0,85.0,115.0,80.0,105.0,80.0,50.0,5.0,False,2.0,https://raw.githubusercontent.com/PokeAPI/sprites/master/sprites/pokemon/604.0.png
605.0,Elgyem,Psychic,,335.0,55.0,55.0,55.0,85.0,55.0,30.0,5.0,False,2.0,https://raw.githubusercontent.com/PokeAPI/sprites/master/sprites/pokemon/605.0.png
606.0,Beheeyem,Psychic,,485.0,75.0,75.0,75.0,125.0,95.0,40.0,5.0,False,2.0,https://raw.githubusercontent.com/PokeAPI/sprites/master/sprites/pokemon/606.0.png
607.0,Litwick,Ghost,Fire,275.0,50.0,30.0,55.0,65.0,55.0,20.0,5.0,False,2.0,https://raw.githubusercontent.com/PokeAPI/sprites/master/sprites/pokemon/607.0.png
608.0,Lampent,Ghost,Fire,370.0,60.0,40.0,60.0,95.0,60.0,55.0,5.0,False,2.0,https://raw.githubusercontent.com/PokeAPI/sprites/master/sprites/pokemon/608.0.png
609.0,Chandelure,Ghost,Fire,520.0,60.0,55.0,90.0,145.0,90.0,80.0,5.0,False,2.0,https://raw.githubusercontent.com/PokeAPI/sprites/master/sprites/pokemon/609.0.png
610.0,Axew,Dragon,,320.0,46.0,87.0,60.0,30.0,40.0,57.0,5.0,False,2.0,https://raw.githubusercontent.com/PokeAPI/sprites/master/sprites/pokemon/610.0.png
611.0,Fraxure,Dragon,,410.0,66.0,117.0,70.0,40.0,50.0,67.0,5.0,False,2.0,https://raw.githubusercontent.com/PokeAPI/sprites/master/sprites/pokemon/611.0.png
612.0,Haxorus,Dragon,,540.0,76.0,147.0,90.0,60.0,70.0,97.0,5.0,False,2.0,https://raw.githubusercontent.com/PokeAPI/sprites/master/sprites/pokemon/612.0.png
613.0,Cubchoo,Ice,,305.0,55.0,70.0,40.0,60.0,40.0,40.0,5.0,False,2.0,https://raw.githubusercontent.com/PokeAPI/sprites/master/sprites/pokemon/613.0.png
614.0,Beartic,Ice,,485.0,95.0,110.0,80.0,70.0,80.0,50.0,5.0,False,2.0,https://raw.githubusercontent.com/PokeAPI/sprites/master/sprites/pokemon/614.0.png
615.0,Cryogonal,Ice,,485.0,70.0,50.0,30.0,95.0,135.0,105.0,5.0,False,2.0,https://raw.githubusercontent.com/PokeAPI/sprites/master/sprites/pokemon/615.0.png
616.0,Shelmet,Bug,,305.0,50.0,40.0,85.0,40.0,65.0,25.0,5.0,False,2.0,https://raw.githubusercontent.com/PokeAPI/sprites/master/sprites/pokemon/616.0.png
617.0,Accelgor,Bug,,495.0,80.0,70.0,40.0,100.0,60.0,145.0,5.0,False,2.0,https://raw.githubusercontent.com/PokeAPI/sprites/master/sprites/pokemon/617.0.png
618.0,Stunfisk,Ground,Electric,471.0,109.0,66.0,84.0,81.0,99.0,32.0,5.0,False,2.0,https://raw.githubusercontent.com/PokeAPI/sprites/master/sprites/pokemon/618.0.png
619.0,Mienfoo,Fighting,,350.0,45.0,85.0,50.0,55.0,50.0,65.0,5.0,False,2.0,https://raw.githubusercontent.com/PokeAPI/sprites/master/sprites/pokemon/619.0.png
620.0,Mienshao,Fighting,,510.0,65.0,125.0,60.0,95.0,60.0,105.0,5.0,False,2.0,https://raw.githubusercontent.com/PokeAPI/sprites/master/sprites/pokemon/620.0.png
621.0,Druddigon,Dragon,,485.0,77.0,120.0,90.0,60.0,90.0,48.0,5.0,False,2.0,https://raw.githubusercontent.com/PokeAPI/sprites/master/sprites/pokemon/621.0.png
622.0,Golett,Ground,Ghost,303.0,59.0,74.0,50.0,35.0,50.0,35.0,5.0,False,2.0,https://raw.githubusercontent.com/PokeAPI/sprites/master/sprites/pokemon/622.0.png
623.0,Golurk,Ground,Ghost,483.0,89.0,124.0,80.0,55.0,80.0,55.0,5.0,False,2.0,https://raw.githubusercontent.com/PokeAPI/sprites/master/sprites/pokemon/623.0.png
624.0,Pawniard,Dark,Steel,340.0,45.0,85.0,70.0,40.0,40.0,60.0,5.0,False,2.0,https://raw.githubusercontent.com/PokeAPI/sprites/master/sprites/pokemon/624.0.png
625.0,Bisharp,Dark,Steel,490.0,65.0,125.0,100.0,60.0,70.0,70.0,5.0,False,2.0,https://raw.githubusercontent.com/PokeAPI/sprites/master/sprites/pokemon/625.0.png
626.0,Bouffalant,Normal,,490.0,95.0,110.0,95.0,40.0,95.0,55.0,5.0,False,2.0,https://raw.githubusercontent.com/PokeAPI/sprites/master/sprites/pokemon/626.0.png
627.0,Rufflet,Normal,Flying,350.0,70.0,83.0,50.0,37.0,50.0,60.0,5.0,False,2.0,https://raw.githubusercontent.com/PokeAPI/sprites/master/sprites/pokemon/627.0.png
628.0,Braviary,Normal,Flying,510.0,100.0,123.0,75.0,57.0,75.0,80.0,5.0,False,2.0,https://raw.githubusercontent.com/PokeAPI/sprites/master/sprites/pokemon/628.0.png
629.0,Vullaby,Dark,Flying,370.0,70.0,55.0,75.0,45.0,65.0,60.0,5.0,False,2.0,https://raw.githubusercontent.com/PokeAPI/sprites/master/sprites/pokemon/629.0.png
630.0,Mandibuzz,Dark,Flying,510.0,110.0,65.0,105.0,55.0,95.0,80.0,5.0,False,2.0,https://raw.githubusercontent.com/PokeAPI/sprites/master/sprites/pokemon/630.0.png
631.0,Heatmor,Fire,,484.0,85.0,97.0,66.0,105.0,66.0,65.0,5.0,False,2.0,https://raw.githubusercontent.com/PokeAPI/sprites/master/sprites/pokemon/631.0.png
632.0,Durant,Bug,Steel,484.0,58.0,109.0,112.0,48.0,48.0,109.0,5.0,False,2.0,https://raw.githubusercontent.com/PokeAPI/sprites/master/sprites/pokemon/632.0.png
633.0,Deino,Dark,Dragon,300.0,52.0,65.0,50.0,45.0,50.0,38.0,5.0,False,2.0,https://raw.githubusercontent.com/PokeAPI/sprites/master/sprites/pokemon/633.0.png
634.0,Zweilous,Dark,Dragon,420.0,72.0,85.0,70.0,65.0,70.0,58.0,5.0,False,2.0,https://raw.githubusercontent.com/PokeAPI/sprites/master/sprites/pokemon/634.0.png
635.0,Hydreigon,Dark,Dragon,600.0,92.0,105.0,90.0,125.0,90.0,98.0,5.0,False,2.0,https://raw.githubusercontent.com/PokeAPI/sprites/master/sprites/pokemon/635.0.png
636.0,Larvesta,Bug,Fire,360.0,55.0,85.0,55.0,50.0,55.0,60.0,5.0,False,2.0,https://raw.githubusercontent.com/PokeAPI/sprites/master/sprites/pokemon/636.0.png
637.0,Volcarona,Bug,Fire,550.0,85.0,60.0,65.0,135.0,105.0,100.0,5.0,False,2.0,https://raw.githubusercontent.com/PokeAPI/sprites/master/sprites/pokemon/637.0.png
638.0,Cobalion,Steel,Fighting,580.0,91.0,90.0,129.0,90.0,72.0,108.0,5.0,True,2.0,https://raw.githubusercontent.com/PokeAPI/sprites/master/sprites/pokemon/638.0.png
639.0,Terrakion,Rock,Fighting,580.0,91.0,129.0,90.0,72.0,90.0,108.0,5.0,True,2.0,https://raw.githubusercontent.com/PokeAPI/sprites/master/sprites/pokemon/639.0.png
640.0,Virizion,Grass,Fighting,580.0,91.0,90.0,72.0,90.0,129.0,108.0,5.0,True,2.0,https://raw.githubusercontent.com/PokeAPI/sprites/master/sprites/pokemon/640.0.png
641.0,TornadusIncarnate Forme,Flying,,580.0,79.0,115.0,70.0,125.0,80.0,111.0,5.0,True,2.0,https://raw.githubusercontent.com/PokeAPI/sprites/master/sprites/pokemon/641.0.png
641.0,TornadusTherian Forme,Flying,,580.0,79.0,100.0,80.0,110.0,90.0,121.0,5.0,True,2.0,https://raw.githubusercontent.com/PokeAPI/sprites/master/sprites/pokemon/641.0.png
642.0,ThundurusIncarnate Forme,Electric,Flying,580.0,79.0,115.0,70.0,125.0,80.0,111.0,5.0,True,2.0,https://raw.githubusercontent.com/PokeAPI/sprites/master/sprites/pokemon/642.0.png
642.0,ThundurusTherian Forme,Electric,Flying,580.0,79.0,105.0,70.0,145.0,80.0,101.0,5.0,True,2.0,https://raw.githubusercontent.com/PokeAPI/sprites/master/sprites/pokemon/642.0.png
643.0,Reshiram,Dragon,Fire,680.0,100.0,120.0,100.0,150.0,120.0,90.0,5.0,True,2.0,https://raw.githubusercontent.com/PokeAPI/sprites/master/sprites/pokemon/643.0.png
644.0,Zekrom,Dragon,Electric,680.0,100.0,150.0,120.0,120.0,100.0,90.0,5.0,True,2.0,https://raw.githubusercontent.com/PokeAPI/sprites/master/sprites/pokemon/644.0.png
645.0,LandorusIncarnate Forme,Ground,Flying,600.0,89.0,125.0,90.0,115.0,80.0,101.0,5.0,True,2.0,https://raw.githubusercontent.com/PokeAPI/sprites/master/sprites/pokemon/645.0.png
645.0,LandorusTherian Forme,Ground,Flying,600.0,89.0,145.0,90.0,105.0,80.0,91.0,5.0,True,2.0,https://raw.githubusercontent.com/PokeAPI/sprites/master/sprites/pokemon/645.0.png
646.0,Kyurem,Dragon,Ice,660.0,125.0,130.0,90.0,130.0,90.0,95.0,5.0,True,2.0,https://raw.githubusercontent.com/PokeAPI/sprites/master/sprites/pokemon/646.0.png
646.0,KyuremBlack Kyurem,Dragon,Ice,700.0,125.0,170.0,100.0,120.0,90.0,95.0,5.0,True,2.0,https://raw.githubusercontent.com/PokeAPI/sprites/master/sprites/pokemon/646.0.png
646.0,KyuremWhite Kyurem,Dragon,Ice,700.0,125.0,120.0,90.0,170.0,100.0,95.0,5.0,True,2.0,https://raw.githubusercontent.com/PokeAPI/sprites/master/sprites/pokemon/646.0.png
647.0,KeldeoOrdinary Forme,Water,Fighting,580.0,91.0,72.0,90.0,129.0,90.0,108.0,5.0,False,2.0,https://raw.githubusercontent.com/PokeAPI/sprites/master/sprites/pokemon/647.0.png
647.0,KeldeoResolute Forme,Water,Fighting,580.0,91.0,72.0,90.0,129.0,90.0,108.0,5.0,False,2.0,https://raw.githubusercontent.com/PokeAPI/sprites/master/sprites/pokemon/647.0.png
648.0,MeloettaAria Forme,Normal,Psychic,600.0,100.0,77.0,77.0,128.0,128.0,90.0,5.0,False,2.0,https://raw.githubusercontent.com/PokeAPI/sprites/master/sprites/pokemon/648.0.png
648.0,MeloettaPirouette Forme,Normal,Fighting,600.0,100.0,128.0,90.0,77.0,77.0,128.0,5.0,False,2.0,https://raw.githubusercontent.com/PokeAPI/sprites/master/sprites/pokemon/648.0.png
650.0,Chespin,Grass,,313.0,56.0,61.0,65.0,48.0,45.0,38.0,6.0,False,2.0,https://raw.githubusercontent.com/PokeAPI/sprites/master/sprites/pokemon/650.0.png
651.0,Quilladin,Grass,,405.0,61.0,78.0,95.0,56.0,58.0,57.0,6.0,False,2.0,https://raw.githubusercontent.com/PokeAPI/sprites/master/sprites/pokemon/651.0.png
652.0,Chesnaught,Grass,Fighting,530.0,88.0,107.0,122.0,74.0,75.0,64.0,6.0,False,2.0,https://raw.githubusercontent.com/PokeAPI/sprites/master/sprites/pokemon/652.0.png
653.0,Fennekin,Fire,,307.0,40.0,45.0,40.0,62.0,60.0,60.0,6.0,False,2.0,https://raw.githubusercontent.com/PokeAPI/sprites/master/sprites/pokemon/653.0.png
654.0,Braixen,Fire,,409.0,59.0,59.0,58.0,90.0,70.0,73.0,6.0,False,2.0,https://raw.githubusercontent.com/PokeAPI/sprites/master/sprites/pokemon/654.0.png
655.0,Delphox,Fire,Psychic,534.0,75.0,69.0,72.0,114.0,100.0,104.0,6.0,False,2.0,https://raw.githubusercontent.com/PokeAPI/sprites/master/sprites/pokemon/655.0.png
656.0,Froakie,Water,,314.0,41.0,56.0,40.0,62.0,44.0,71.0,6.0,False,2.0,https://raw.githubusercontent.com/PokeAPI/sprites/master/sprites/pokemon/656.0.png
657.0,Frogadier,Water,,405.0,54.0,63.0,52.0,83.0,56.0,97.0,6.0,False,2.0,https://raw.githubusercontent.com/PokeAPI/sprites/master/sprites/pokemon/657.0.png
658.0,Greninja,Water,Dark,530.0,72.0,95.0,67.0,103.0,71.0,122.0,6.0,False,2.0,https://raw.githubusercontent.com/PokeAPI/sprites/master/sprites/pokemon/658.0.png
659.0,Bunnelby,Normal,,237.0,38.0,36.0,38.0,32.0,36.0,57.0,6.0,False,2.0,https://raw.githubusercontent.com/PokeAPI/sprites/master/sprites/pokemon/659.0.png
660.0,Diggersby,Normal,Ground,423.0,85.0,56.0,77.0,50.0,77.0,78.0,6.0,False,2.0,https://raw.githubusercontent.com/PokeAPI/sprites/master/sprites/pokemon/660.0.png
661.0,Fletchling,Normal,Flying,278.0,45.0,50.0,43.0,40.0,38.0,62.0,6.0,False,2.0,https://raw.githubusercontent.com/PokeAPI/sprites/master/sprites/pokemon/661.0.png
662.0,Fletchinder,Fire,Flying,382.0,62.0,73.0,55.0,56.0,52.0,84.0,6.0,False,2.0,https://raw.githubusercontent.com/PokeAPI/sprites/master/sprites/pokemon/662.0.png
663.0,Talonflame,Fire,Flying,499.0,78.0,81.0,71.0,74.0,69.0,126.0,6.0,False,2.0,https://raw.githubusercontent.com/PokeAPI/sprites/master/sprites/pokemon/663.0.png
664.0,Scatterbug,Bug,,200.0,38.0,35.0,40.0,27.0,25.0,35.0,6.0,False,2.0,https://raw.githubusercontent.com/PokeAPI/sprites/master/sprites/pokemon/664.0.png
665.0,Spewpa,Bug,,213.0,45.0,22.0,60.0,27.0,30.0,29.0,6.0,False,2.0,https://raw.githubusercontent.com/PokeAPI/sprites/master/sprites/pokemon/665.0.png
666.0,Vivillon,Bug,Flying,411.0,80.0,52.0,50.0,90.0,50.0,89.0,6.0,False,2.0,https://raw.githubusercontent.com/PokeAPI/sprites/master/sprites/pokemon/666.0.png
667.0,Litleo,Fire,Normal,369.0,62.0,50.0,58.0,73.0,54.0,72.0,6.0,False,2.0,https://raw.githubusercontent.com/PokeAPI/sprites/master/sprites/pokemon/667.0.png
668.0,Pyroar,Fire,Normal,507.0,86.0,68.0,72.0,109.0,66.0,106.0,6.0,False,2.0,https://raw.githubusercontent.com/PokeAPI/sprites/master/sprites/pokemon/668.0.png
669.0,Flabébé,Fairy,,303.0,44.0,38.0,39.0,61.0,79.0,42.0,6.0,False,2.0,https://raw.githubusercontent.com/PokeAPI/sprites/master/sprites/pokemon/669.0.png
670.0,Floette,Fairy,,371.0,54.0,45.0,47.0,75.0,98.0,52.0,6.0,False,2.0,https://raw.githubusercontent.com/PokeAPI/sprites/master/sprites/pokemon/670.0.png
671.0,Florges,Fairy,,552.0,78.0,65.0,68.0,112.0,154.0,75.0,6.0,False,2.0,https://raw.githubusercontent.com/PokeAPI/sprites/master/sprites/pokemon/671.0.png
672.0,Skiddo,Grass,,350.0,66.0,65.0,48.0,62.0,57.0,52.0,6.0,False,2.0,https://raw.githubusercontent.com/PokeAPI/sprites/master/sprites/pokemon/672.0.png
673.0,Gogoat,Grass,,531.0,123.0,100.0,62.0,97.0,81.0,68.0,6.0,False,2.0,https://raw.githubusercontent.com/PokeAPI/sprites/master/sprites/pokemon/673.0.png
674.0,Pancham,Fighting,,348.0,67.0,82.0,62.0,46.0,48.0,43.0,6.0,False,2.0,https://raw.githubusercontent.com/PokeAPI/sprites/master/sprites/pokemon/674.0.png
675.0,Pangoro,Fighting,Dark,495.0,95.0,124.0,78.0,69.0,71.0,58.0,6.0,False,2.0,https://raw.githubusercontent.com/PokeAPI/sprites/master/sprites/pokemon/675.0.png
676.0,Furfrou,Normal,,472.0,75.0,80.0,60.0,65.0,90.0,102.0,6.0,False,2.0,https://raw.githubusercontent.com/PokeAPI/sprites/master/sprites/pokemon/676.0.png
677.0,Espurr,Psychic,,355.0,62.0,48.0,54.0,63.0,60.0,68.0,6.0,False,2.0,https://raw.githubusercontent.com/PokeAPI/sprites/master/sprites/pokemon/677.0.png
678.0,MeowsticMale,Psychic,,466.0,74.0,48.0,76.0,83.0,81.0,104.0,6.0,False,2.0,https://raw.githubusercontent.com/PokeAPI/sprites/master/sprites/pokemon/678.0.png
678.0,MeowsticFemale,Psychic,,466.0,74.0,48.0,76.0,83.0,81.0,104.0,6.0,False,2.0,https://raw.githubusercontent.com/PokeAPI/sprites/master/sprites/pokemon/678.0.png
679.0,Honedge,Steel,Ghost,325.0,45.0,80.0,100.0,35.0,37.0,28.0,6.0,False,2.0,https://raw.githubusercontent.com/PokeAPI/sprites/master/sprites/pokemon/679.0.png
680.0,Doublade,Steel,Ghost,448.0,59.0,110.0,150.0,45.0,49.0,35.0,6.0,False,2.0,https://raw.githubusercontent.com/PokeAPI/sprites/master/sprites/pokemon/680.0.png
681.0,AegislashBlade Forme,Steel,Ghost,520.0,60.0,150.0,50.0,150.0,50.0,60.0,6.0,False,2.0,https://raw.githubusercontent.com/PokeAPI/sprites/master/sprites/pokemon/681.0.png
681.0,AegislashShield Forme,Steel,Ghost,520.0,60.0,50.0,150.0,50.0,150.0,60.0,6.0,False,2.0,https://raw.githubusercontent.com/PokeAPI/sprites/master/sprites/pokemon/681.0.png
682.0,Spritzee,Fairy,,341.0,78.0,52.0,60.0,63.0,65.0,23.0,6.0,False,2.0,https://raw.githubusercontent.com/PokeAPI/sprites/master/sprites/pokemon/682.0.png
683.0,Aromatisse,Fairy,,462.0,101.0,72.0,72.0,99.0,89.0,29.0,6.0,False,2.0,https://raw.githubusercontent.com/PokeAPI/sprites/master/sprites/pokemon/683.0.png
684.0,Swirlix,Fairy,,341.0,62.0,48.0,66.0,59.0,57.0,49.0,6.0,False,2.0,https://raw.githubusercontent.com/PokeAPI/sprites/master/sprites/pokemon/684.0.png
685.0,Slurpuff,Fairy,,480.0,82.0,80.0,86.0,85.0,75.0,72.0,6.0,False,2.0,https://raw.githubusercontent.com/PokeAPI/sprites/master/sprites/pokemon/685.0.png
686.0,Inkay,Dark,Psychic,288.0,53.0,54.0,53.0,37.0,46.0,45.0,6.0,False,2.0,https://raw.githubusercontent.com/PokeAPI/sprites/master/sprites/pokemon/686.0.png
687.0,Malamar,Dark,Psychic,482.0,86.0,92.0,88.0,68.0,75.0,73.0,6.0,False,2.0,https://raw.githubusercontent.com/PokeAPI/sprites/master/sprites/pokemon/687.0.png
688.0,Binacle,Rock,Water,306.0,42.0,52.0,67.0,39.0,56.0,50.0,6.0,False,2.0,https://raw.githubusercontent.com/PokeAPI/sprites/master/sprites/pokemon/688.0.png
689.0,Barbaracle,Rock,Water,500.0,72.0,105.0,115.0,54.0,86.0,68.0,6.0,False,2.0,https://raw.githubusercontent.com/PokeAPI/sprites/master/sprites/pokemon/689.0.png
690.0,Skrelp,Poison,Water,320.0,50.0,60.0,60.0,60.0,60.0,30.0,6.0,False,2.0,https://raw.githubusercontent.com/PokeAPI/sprites/master/sprites/pokemon/690.0.png
691.0,Dragalge,Poison,Dragon,494.0,65.0,75.0,90.0,97.0,123.0,44.0,6.0,False,2.0,https://raw.githubusercontent.com/PokeAPI/sprites/master/sprites/pokemon/691.0.png
692.0,Clauncher,Water,,330.0,50.0,53.0,62.0,58.0,63.0,44.0,6.0,False,2.0,https://raw.githubusercontent.com/PokeAPI/sprites/master/sprites/pokemon/692.0.png
693.0,Clawitzer,Water,,500.0,71.0,73.0,88.0,120.0,89.0,59.0,6.0,False,2.0,https://raw.githubusercontent.com/PokeAPI/sprites/master/sprites/pokemon/693.0.png
694.0,Helioptile,Electric,Normal,289.0,44.0,38.0,33.0,61.0,43.0,70.0,6.0,False,2.0,https://raw.githubusercontent.com/PokeAPI/sprites/master/sprites/pokemon/694.0.png
695.0,Heliolisk,Electric,Normal,481.0,62.0,55.0,52.0,109.0,94.0,109.0,6.0,False,2.0,https://raw.githubusercontent.com/PokeAPI/sprites/master/sprites/pokemon/695.0.png
696.0,Tyrunt,Rock,Dragon,362.0,58.0,89.0,77.0,45.0,45.0,48.0,6.0,False,2.0,https://raw.githubusercontent.com/PokeAPI/sprites/master/sprites/pokemon/696.0.png
697.0,Tyrantrum,Rock,Dragon,521.0,82.0,121.0,119.0,69.0,59.0,71.0,6.0,False,2.0,https://raw.githubusercontent.com/PokeAPI/sprites/master/sprites/pokemon/697.0.png
698.0,Amaura,Rock,Ice,362.0,77.0,59.0,50.0,67.0,63.0,46.0,6.0,False,2.0,https://raw.githubusercontent.com/PokeAPI/sprites/master/sprites/pokemon/698.0.png
699.0,Aurorus,Rock,Ice,521.0,123.0,77.0,72.0,99.0,92.0,58.0,6.0,False,2.0,https://raw.githubusercontent.com/PokeAPI/sprites/master/sprites/pokemon/699.0.png
700.0,Sylveon,Fairy,,525.0,95.0,65.0,65.0,110.0,130.0,60.0,6.0,False,2.0,https://raw.githubusercontent.com/PokeAPI/sprites/master/sprites/pokemon/700.0.png
701.0,Hawlucha,Fighting,Flying,500.0,78.0,92.0,75.0,74.0,63.0,118.0,6.0,False,2.0,https://raw.githubusercontent.com/PokeAPI/sprites/master/sprites/pokemon/701.0.png
702.0,Dedenne,Electric,Fairy,431.0,67.0,58.0,57.0,81.0,67.0,101.0,6.0,False,2.0,https://raw.githubusercontent.com/PokeAPI/sprites/master/sprites/pokemon/702.0.png
703.0,Carbink,Rock,Fairy,500.0,50.0,50.0,150.0,50.0,150.0,50.0,6.0,False,2.0,https://raw.githubusercontent.com/PokeAPI/sprites/master/sprites/pokemon/703.0.png
704.0,Goomy,Dragon,,300.0,45.0,50.0,35.0,55.0,75.0,40.0,6.0,False,2.0,https://raw.githubusercontent.com/PokeAPI/sprites/master/sprites/pokemon/704.0.png
705.0,Sliggoo,Dragon,,452.0,68.0,75.0,53.0,83.0,113.0,60.0,6.0,False,2.0,https://raw.githubusercontent.com/PokeAPI/sprites/master/sprites/pokemon/705.0.png
706.0,Goodra,Dragon,,600.0,90.0,100.0,70.0,110.0,150.0,80.0,6.0,False,2.0,https://raw.githubusercontent.com/PokeAPI/sprites/master/sprites/pokemon/706.0.png
707.0,Klefki,Steel,Fairy,470.0,57.0,80.0,91.0,80.0,87.0,75.0,6.0,False,2.0,https://raw.githubusercontent.com/PokeAPI/sprites/master/sprites/pokemon/707.0.png
708.0,Phantump,Ghost,Grass,309.0,43.0,70.0,48.0,50.0,60.0,38.0,6.0,False,2.0,https://raw.githubusercontent.com/PokeAPI/sprites/master/sprites/pokemon/708.0.png
709.0,Trevenant,Ghost,Grass,474.0,85.0,110.0,76.0,65.0,82.0,56.0,6.0,False,2.0,https://raw.githubusercontent.com/PokeAPI/sprites/master/sprites/pokemon/709.0.png
710.0,PumpkabooAverage Size,Ghost,Grass,335.0,49.0,66.0,70.0,44.0,55.0,51.0,6.0,False,2.0,https://raw.githubusercontent.com/PokeAPI/sprites/master/sprites/pokemon/710.0.png
710.0,PumpkabooSmall Size,Ghost,Grass,335.0,44.0,66.0,70.0,44.0,55.0,56.0,6.0,False,2.0,https://raw.githubusercontent.com/PokeAPI/sprites/master/sprites/pokemon/710.0.png
710.0,PumpkabooLarge Size,Ghost,Grass,335.0,54.0,66.0,70.0,44.0,55.0,46.0,6.0,False,2.0,https://raw.githubusercontent.com/PokeAPI/sprites/master/sprites/pokemon/710.0.png
710.0,PumpkabooSuper Size,Ghost,Grass,335.0,59.0,66.0,70.0,44.0,55.0,41.0,6.0,False,2.0,https://raw.githubusercontent.com/PokeAPI/sprites/master/sprites/pokemon/710.0.png
711.0,GourgeistAverage Size,Ghost,Grass,494.0,65.0,90.0,122.0,58.0,75.0,84.0,6.0,False,2.0,https://raw.githubusercontent.com/PokeAPI/sprites/master/sprites/pokemon/711.0.png
711.0,GourgeistSmall Size,Ghost,Grass,494.0,55.0,85.0,122.0,58.0,75.0,99.0,6.0,False,2.0,https://raw.githubusercontent.com/PokeAPI/sprites/master/sprites/pokemon/711.0.png
711.0,GourgeistLarge Size,Ghost,Grass,494.0,75.0,95.0,122.0,58.0,75.0,69.0,6.0,False,2.0,https://raw.githubusercontent.com/PokeAPI/sprites/master/sprites/pokemon/711.0.png
711.0,GourgeistSuper Size,Ghost,Grass,494.0,85.0,100.0,122.0,58.0,75.0,54.0,6.0,False,2.0,https://raw.githubusercontent.com/PokeAPI/sprites/master/sprites/pokemon/711.0.png
712.0,Bergmite,Ice,,304.0,55.0,69.0,85.0,32.0,35.0,28.0,6.0,False,2.0,https://raw.githubusercontent.com/PokeAPI/sprites/master/sprites/pokemon/712.0.png
713.0,Avalugg,Ice,,514.0,95.0,117.0,184.0,44.0,46.0,28.0,6.0,False,2.0,https://raw.githubusercontent.com/PokeAPI/sprites/master/sprites/pokemon/713.0.png
714.0,Noibat,Flying,Dragon,245.0,40.0,30.0,35.0,45.0,40.0,55.0,6.0,False,2.0,https://raw.githubusercontent.com/PokeAPI/sprites/master/sprites/pokemon/714.0.png
715.0,Noivern,Flying,Dragon,535.0,85.0,70.0,80.0,97.0,80.0,123.0,6.0,False,2.0,https://raw.githubusercontent.com/PokeAPI/sprites/master/sprites/pokemon/715.0.png
716.0,Xerneas,Fairy,,680.0,126.0,131.0,95.0,131.0,98.0,99.0,6.0,True,2.0,https://raw.githubusercontent.com/PokeAPI/sprites/master/sprites/pokemon/716.0.png
717.0,Yveltal,Dark,Flying,680.0,126.0,131.0,95.0,131.0,98.0,99.0,6.0,True,2.0,https://raw.githubusercontent.com/PokeAPI/sprites/master/sprites/pokemon/717.0.png
718.0,Zygarde50% Forme,Dragon,Ground,600.0,108.0,100.0,121.0,81.0,95.0,95.0,6.0,True,2.0,https://raw.githubusercontent.com/PokeAPI/sprites/master/sprites/pokemon/718.0.png
719.0,Diancie,Rock,Fairy,600.0,50.0,100.0,150.0,100.0,150.0,50.0,6.0,True,2.0,https://raw.githubusercontent.com/PokeAPI/sprites/master/sprites/pokemon/719.0.png
719.0,DiancieMega Diancie,Rock,Fairy,700.0,50.0,160.0,110.0,160.0,110.0,110.0,6.0,True,4.0,https://raw.githubusercontent.com/PokeAPI/sprites/master/sprites/pokemon/719.0.png
720.0,HoopaHoopa Confined,Psychic,Ghost,600.0,80.0,110.0,60.0,150.0,130.0,70.0,6.0,True,2.0,https://raw.githubusercontent.com/PokeAPI/sprites/master/sprites/pokemon/720.0.png
720.0,HoopaHoopa Unbound,Psychic,Dark,680.0,80.0,160.0,60.0,170.0,130.0,80.0,6.0,True,2.0,https://raw.githubusercontent.com/PokeAPI/sprites/master/sprites/pokemon/720.0.png
721.0,Volcanion,Fire,Water,600.0,80.0,110.0,120.0,130.0,90.0,70.0,6.0,True,2.0,https://raw.githubusercontent.com/PokeAPI/sprites/master/sprites/pokemon/721.0.png
,,,,,,,,,,,,,,
722.0,Synthbit,Artificial,,395.0,65.0,60.0,70.0,85.0,75.0,40.0,1.0,False,1.0,https://raw.githubusercontent.com/PokeAPI/sprites/master/sprites/pokemon/722.0.png
723.0,Synthlet,Artificial,,510.0,75.0,72.0,90.0,97.0,83.0,45.0,2.0,False,2.0,https://raw.githubusercontent.com/PokeAPI/sprites/master/sprites/pokemon/723.0.png
724.0,Synthrex,Artificial,,545.0,80.0,90.0,95.0,108.0,85.0,65.0,4.0,False,3.0,https://raw.githubusercontent.com/PokeAPI/sprites/master/sprites/pokemon/724.0.png
725.0,Synthagon,Artificial,,535.0,88.0,118.0,70.0,120.0,95.0,87.0,5.0,False,4.0,https://raw.githubusercontent.com/PokeAPI/sprites/master/sprites/pokemon/725.0.png
726.0,Syntharion,Artificial,,590.0,95.0,105.0,88.0,118.0,102.0,96.0,7.0,True,1.0,https://raw.githubusercontent.com/PokeAPI/sprites/master/sprites/pokemon/726.0.png
